Species,Subspecies,Sex,CatNo,A - total length,B - proximal width,C - depth of cotyla medialis,D - minimum width of shaft,E - minimum depth of shaft,F - distal width,G - distance between dorsal surface of trochlea metatarsi III and plantar side of trochlea metatarsi II,H - depth of lateral side of trochlea metatarsi III,I - Proximal side of base of spur core to the lateral end of Trochlea metatarsi III,J - length of spur core,Place of collection,Date of collection,My comments,Collection,Remarks 1,,
ocellata,,?,43096,114.01,19.03,11.37,7.08,,18.15,10.81,9.02,50.07,15.2,?,15-Oct-1957,adult,UCLA,,spur spongy,
ocellata,,?,88937,134.87,19.77,12.9,7.49,5.61,18.17,11.58,9.57,59.01,25.74,San Diego Zoo,"January, 1967",adult,NHM LA,,spur fully developed,
ocellata,,?,89959,,,,,,,,,,,Aviary bird,"July, 1956",imm (all bones clearly unossified),NHM LA,,,
ocellata,,?,106510,129.67,20.82,12.53,8.1,,18.77,11.81,10.04,54.42,,Aviary bird,?,adult,NHM LA,,spur=little bump,
ocellata,,?,Bi 1820 (=89957),,,,,,,,,,,San Diego Zoo,12-Jun-1955,adult,NHM LA,,,
ocellata,,f,42174,108.42,17.25,10.82,6.81,4.93,16,9.99,8.47,,,San Diego Zoo,3-Mar-1981,adult,San Diego NHM,,,
ocellata,,f,45064,112.42,17.42,11.06,6.3,5.01,15.63,10.16,8.62,,,San Diego Zoo,2-Jun-1988,adult,San Diego NHM,,,
ocellata,,f,132951,116.62,17.18,10.43,6.31,4.59,15.56,9.74,8.49,,,San Diego Zoo,27-Jul-1953,adult,"University of California, Museum of Vertebrate Zoology",,,
ocellata,,f,151343,116.31,17.83,10.55,6.33,4.8,17.54,10.92,8.46,,,Guatemala: Prov. Peten,10-Apr-1956,adult,"University of Michigan, Muzeum of Zoology",wild bird,,
ocellata,,f,264 (=41762),118.49,20.46,13.03,7.66,5.39,20.35,11.94,9.61,,,Guatemala,1910,adult,"UCLA (Purchased, Kny-Scheerer Co, NY)",,,
ocellata,,m,41634,134.09,20.49,12.02,7.32,5.48,17.65,11.13,9.17,58.44,22.38,cage bird,26-Feb-1979,adult,San Diego NHM,,spur fully developed,
ocellata,,m,42733,127.13,19.62,11.42,7.21,5.48,17.11,10.33,8.6,53.14,23.81,San Diego Zoo,25-Mar-1981,adult,San Diego NHM,,spur fully developed,
ocellata,,m,43106,124.68,19.8,12.44,7.58,5.58,17.8,12.01,9.6,,,San Diego Zoo,24-Jun-1983,adult,San Diego NHM,,No spur!,
ocellata,,m,43480,135.57,19.58,11.79,6.96,5.24,17.7,10.88,9.45,,,San Diego Zoo,?,imm (some bones clearly unossified),San Diego NHM,,No spur!,Measurements probably OK
ocellata,,m,43858,126.76,20.99,12.74,8.19,5.89,19.65,12.14,9.87,55.67,23.08,San Diego Zoo,14-May-1985,adult,San Diego NHM,,spur in horny covering,
ocellata,,m,44277,,,,,,,,,,,San Diego Zoo,27-Oct-1984,imm (all bones clearly unossified),San Diego NHM,,,
ocellata,,m,89958,136.69,20.36,12.19,7.98,5.1,18,11.06,9.27,56.56,18.05,San Diego Zoo,?,adult,NHM LA,,spur spongy,
ocellata,,m,112170,144.74,20.68,12.48,7.88,5.6,19.94,11.5,9.99,60.69,27.52,Guatemala: Uaxactun,19-Apr-2002,adult,NHM LA,,spur fully developed,
ocellata,,m,132913,,,,,,,,,,,San Diego Zoo,10-Dec-1954,imm (all bones clearly unossified),"University of California, Museum of Vertebrate Zoology",,,
ocellata,,m,151342,146.7,22.17,12.47,7.58,5.73,21,12.44,10.74,62.21,30.13,Guatemala: Prov. Peten,10-Apr-1956,adult,"University of Michigan, Muzeum of Zoology",wild bird,spur fully developed,
gallopavo,intermedia,f,112164,129.36,19.93,11.9,7.21,4.95,19.77,10.33,9.35,,,Texas: Wheeler Co,11-May-2002,adult,NHM LA,,,
gallopavo,intermedia,f,112168,122.91,19.17,11.48,7.48,4.89,19.05,10.36,8.7,,,Texas,2002,adult,NHM LA,,,
gallopavo,intermedia,f,112169,123.3,18.9,11.87,7.07,4.78,18.52,10.44,9.23,,,Texas,2002,adult,NHM LA,,,
gallopavo,intermedia,f,112317,125.14,18.7,12.33,7.47,5.03,18.2,10.91,8.86,,,Texas: Wheeler Co,11-May-2002,adult,NHM LA,,,
gallopavo,intermedia,m,112165,167.5,24.26,16.1,8.37,6.21,22.72,13.92,11.75,67.37,,Texas: Edwards Co,13-Apr-2002,adult,NHM LA,,spur=little bump,
gallopavo,intermedia,m,112166,170.5,23.99,14.55,9.01,5.94,23.61,13.65,11.28,75.26,,Texas: Shlackleford Co,8-Apr-2002,adult,NHM LA,,"spur=little bump, broken off",
gallopavo,intermedia,m,112167,159.3,24.26,14.64,9.29,6.48,24.06,13.37,11.43,69.23,19.39,Texas: Shlackleford Co,8-Apr-2002,adult,NHM LA,,spur fully developed,
gallopavo,intermedia,m,112431,166,23.46,14.65,8.95,6.07,23.41,12.04,11.17,73.28,18.84,Texas: (Refugio Co.?),14-Apr-2002,adult,NHM LA,,spur a little spongy but its length probably OK,
gallopavo,intermedia,m,LMO 2295 (=41758),166.75,24.57,15.23,9.54,6.32,23.62,13.43,12.25,75.96,21.2,Texas: Kerr Co,31-Oct-1941,adult,UCLA,,spur fully developed,
gallopavo,merriami,f,112161,129.55,19.43,11.83,7.7,5.34,,10.49,9.2,,,California: El Dorado Co,20-Mar-2001,adult,NHM LA,,,
gallopavo,merriami,f,112316,121.31,19.48,12.31,7.26,4.59,19.85,10.26,9.49,,,Wyoming: Converse Co,5-Jan-2003,imm (sternum & TMT not fully ossified),NHM LA,,,Measurements probably OK
gallopavo,merriami,f,112356,118.16,18.29,11.95,7.27,5.08,19.5,10.72,9.01,,,Wyoming: Converse Co,22-Nov-2002,imm (sternum not fully ossified; TMT almost fully ossified),NHM LA,,,Measurements probably OK
gallopavo,merriami,f,112422,123.9,19.17,12.1,7.31,4.59,19.13,10.82,9.4,,,Wyoming: Converse Co,5-Jan-2003,imm (sternum not fully ossified; TMT almost fully ossified),NHM LA,,,Measurements probably OK
gallopavo,merriami,f,112423,124.99,19.63,12.69,7.55,5.16,18.96,10.43,9.28,,,Wyoming: Converse Co,22-Nov-2002,adult,NHM LA,,,
gallopavo,merriami,f,112449,124.85,19.77,13.27,7.57,4.87,20.67,10.48,10.02,,,Wyoming: Converse Co,"January, 2003",adult,NHM LA,,,
gallopavo,merriami,f,112450,119.81,20.87,12.72,7.27,5.09,18.87,10.29,9.8,,,Wyoming: Converse Co,"January, 2003",adult,NHM LA,,,
gallopavo,merriami,m,112157,,,,,,,,,,,New Mexico: Otero Co,21-Apr-2002,adult,NHM LA,,,
gallopavo,merriami,m,112158,,,,,,,,,,,New Mexico: Otero Co,21-Apr-2002,adult,NHM LA,,,
gallopavo,merriami,m,112159,156.2,24.97,15.02,9.24,6,26.32,14.27,12.14,68.85,16.21,New Mexico: Otero Co,22-Apr-2002,adult,NHM LA,,spur probably fully developed but a little rough surface,
gallopavo,merriami,m,112160,164,25.88,15.83,9.92,6.27,25.54,13.39,12.59,79.99,14.38,New Mexico: Otero Co,24-Apr-2002,adult,NHM LA,,spur somewhat spongy,
gallopavo,mexicana,f,112429,133.29,20.97,13.36,8.03,5.54,20.95,11.49,9.98,,,"Mexico: Sonora, Yecora","March, 2003",adult,NHM LA,,,
gallopavo,mexicana,f,112446,137.71,21.09,12.53,8.35,5.84,21.87,11.66,10.28,,,"Mexico: Sonora, Yecora","March, 2003",adult,NHM LA,,,
gallopavo,mexicana,f,112447,135.13,20.75,13.24,8.58,5.38,21.93,12.15,10.24,,,"Mexico: Sonora, Yecora","March, 2003",adult,NHM LA,,,
gallopavo,mexicana,f,112452,132.93,20.54,12.66,8.09,5.2,21.38,11.27,10.22,,,"Mexico: Sonora, Yecora","March, 2003",adult,NHM LA,,,
gallopavo,mexicana,f?,112357,159.4,24.7,15.81,9.43,5.82,25.35,13.64,11.77,,,"Mexico: Sonora, Yecora","March, 2003","imm? Sternum not fully ossified, but TMT (no spur) looks like adult.",NHM LA,"Male, NOT female by size",No spur!,
gallopavo,mexicana,m,112425,168.4,25.81,15.84,9.79,6.83,26.74,14.23,11.94,74.43,14.75,"Mexico: Sonora, Yecora","March, 2003",adult,NHM LA,,spur spongy,
gallopavo,mexicana,m,112427,,,,,,,,,,,Mexico,?,adult,NHM LA,,,
gallopavo,mexicana,m,112432,170.5,26.15,16.14,10.22,6.72,27,14.45,13.25,71.8,11.87,"Mexico: Sonora, Yecora","March, 2003",adult,NHM LA,,spur spongy,
gallopavo,mexicana,m,112451,147.46,21.96,13.38,8.55,6.81,23.24,12.64,11.02,,,"Mexico: Sonora, Yecora",spring 2003,adult,NHM LA,,No spur!,
gallopavo,mexicana,m?,112428,,,,,,,,,,,Mexico,?,adult,NHM LA,,,
gallopavo,osceola,f,112151,,,,,,,,,,,Florida: Polk Co,21-Sep-2002,imm (all bones clearly unossified),NHM LA,,,
gallopavo,osceola,f,112355,131.61,19.29,11.34,7.27,4.78,18.85,9.66,9.26,,,Florida: Polk Co,20-Sep-2002,adult,NHM LA,,,
gallopavo,osceola,f,112426,134.81,19.23,11.65,7.7,5.26,18.41,10.04,9.36,,,Florida: Palm Beach Co,spring 2002,adult,NHM LA,,,
gallopavo,osceola,f,112430,137.78,19.58,11.9,7.89,5.14,18.47,10.35,8.72,,,Florida: St. Johns Co,11-13 December 2002,adult,NHM LA,,,
gallopavo,osceola,m,112152,170.5,23.54,14.31,9.65,5.76,23.3,13.58,11.51,69.75,,Florida: Osceola Co,23-Mar-2002,adult,NHM LA,,spur=little bump,
gallopavo,osceola,m,112153,163.7,23.44,13.77,8.87,,22.04,12.66,10.53,64.37,21.49,Florida: Osceola Co,24-Mar-2002,adult,NHM LA,,spur fully developed,
gallopavo,osceola,m,112154,167.65,24.47,14.31,8.66,6.12,21.56,12.53,10.98,75.18,21.06,Florida: Lake Co,22-Mar-2002,adult,NHM LA,,spur fully developed,
gallopavo,osceola,m,112155,170.6,23.71,14.33,8.92,5.69,23.02,12.92,11.92,73.3,,Florida: Lake Co,23-Mar-2002,adult,NHM LA,,spur=little bump,
gallopavo,osceola,m,112156,166.45,22.25,14.15,8.3,5.51,21.56,11.94,11.02,77.33,15.91,Florida,2002,adult,NHM LA,,spur fully developed,
gallopavo,silvestris,f,112315,124.2,19.34,11.94,6.85,4.66,19.45,10.79,9.77,,,New Hapshire: Cheshire Co,?,adult,NHM LA,,,
gallopavo,silvestris,f,112318,130.88,19.76,11.73,7.24,5.19,18.45,10.52,8.96,,,Georgia:,?,adult,NHM LA,,,
gallopavo,silvestris,f,112417,127.56,20.57,12.91,7.54,5.29,19.37,11.31,9.42,,,New Hampshire: Cheshire Co,?,adult,NHM LA,,,
gallopavo,silvestris,f,112418,133.31,21.17,12.84,7.94,5.9,20.8,11.3,9.85,,,"New Hampshire: Cheshire Co, Richmond",23-Sep-95,adult,NHM LA,,,
gallopavo,silvestris,m,112162,165.15,23.87,14.09,8.11,6.26,22.7,13.69,11.74,65.76,16.15,"South Carolina: Allendale Co, Martin",15-Mar-2002,adult,NHM LA,,spur probably fully developed but a little rough surface,
gallopavo,silvestris,m,112163,172.9,25.67,15.91,9.74,6.53,24.97,13.03,11.95,77.23,17.13,Kansas: Marshall Co,16-Apr-2002,adult,NHM LA,,spur fully developed,
gallopavo,silvestris,m,112415,168.3,24.13,15.09,9.51,6.92,22.67,14.15,11.15,77.03,10.19,Tennessee: Rutheford Co,30-Oct-2002,adult,NHM LA,,spur spongy,
gallopavo,silvestris,m,112419,167.45,25.06,15.1,9.53,6.34,23.98,13.72,11.34,74.1,16.81,Tennessee: Rutheford Co,30-Oct-2002,adult,NHM LA,,spur probably fully developed but a little rough surface,
gallopavo,silvestris,m,112420,159.5,22.21,13.55,8.39,6.32,22.03,12.87,11.12,65.02,14.72,"South Carolina: Saluda Co, Saluda",1-Apr-02,adult,NHM LA,,spur probably fully developed but a little rough surface,
gallopavo,silvestris,m,112421,174.2,23.81,14.48,8.76,5.93,22.51,12.23,11.56,76.75,15.71,"South Carolina: Jasper Co, Ridgeland",18-Mar-03,adult,NHM LA,,spur probably fully developed but a little rough surface,
gallopavo,silvestris,m,112448,164.8,23.12,14.2,8.86,5.35,21.58,12.26,11.19,72.26,18.09,Georgia: Screven Co,31-Mar-2003,adult,NHM LA,,spur probably fully developed but a little rough surface,
gallopavo,ssp?,f,112424,136.12,19.76,12.02,7.94,5.41,19.28,10.43,,,,California: El Dorado Co,10-Apr-2001,adult,NHM LA,,,
californica,,,G 6272,147.74,23.85,14.36,9.42,5.92,23.47,12.91,11.7,64.75,17.45,Rancho La Brea,R,adult,TOPOTYPE (measurements similar to those of the type specimen: U.C.Vert.Paleo N0 11300,,spur probably fully developed but a little rough surface,
californica,,,E 5333,148.78,22.57,14.95,9.67,6.12,22.74,12.28,10.96,66,21.94,Rancho La Brea,R,adult,,,spur fully developed,figured specimen
californica,,,E 6173,145.49,22.5,14.04,8.28,5.93,22.33,12.58,11.09,67.32,14.18,Rancho La Brea,R,adult,,,spur spongy,figured specimen
californica,,,E 6801,145.42,,14.26,8.5,6.04,23.69,12.57,10.82,65.31,,Rancho La Brea,R,adult,,,spur=little bump,figured specimen
californica,,,E 6793,141.53,22.13,13.42,8.78,5.8,23.12,13.16,11.29,,,Rancho La Brea,R,adult,,,No spur,figured specimen
californica,,,E 5075,140.68,22.91,13.74,8.29,5.7,23.85,13.05,10.99,63.67,,Rancho La Brea,R,adult,,,spur=little bump,figured specimen
californica,,,E 7737,138.75,22.11,13.16,8.12,5.49,22.83,12.83,11.59,,,Rancho La Brea,R,imm,,Measurements probably OK,No spur,figured specimen
californica,,,E 5789,146.16,22.58,14.51,9.22,5.85,24.1,13.24,11.23,64.17,20.08,Rancho La Brea,R,adult,,,spur fully developed,
californica,,,E 7538,139.49,21.82,12.61,7.86,5.36,20.99,11.02,10.36,,,Rancho La Brea,R,adult,,,spur=little bump,
californica,,,E 6305,144.72,23.38,13.91,8.51,5.66,23.05,13.42,11.39,63.63,18.64,Rancho La Brea,R,adult,,,spur fully developed,
californica,,,E 6147,144.66,22.07,13.71,8.42,5.56,22.89,12.15,11.27,66.53,14.39,Rancho La Brea,R,adult,,,spur spongy,
californica,,,E 7439,144.47,22.91,13.84,8.9,5.69,23.22,13.27,10.82,68.77,21.29,Rancho La Brea,R,adult,,,spur fully developed,
californica,,,E 7146,137.89,21.07,13.52,8.56,5.74,22.03,11.82,10.64,66.57,,Rancho La Brea,R,adult,,,spur=little bump,
californica,,,E 6725,142.87,22.03,14.23,9.03,5.99,22.44,,11.37,62.14,20.86,Rancho La Brea,R,adult,,,spur fully developed,
californica,,,E 7054,140.95,21.39,13.61,8.94,5.9,21.77,11.64,,66.55,15.19,Rancho La Brea,R,adult,,,spur spongy,
californica,,,E 6838,135.87,21.96,13.59,8.56,5.63,22.15,12.6,10.98,60.06,17.44,Rancho La Brea,R,adult,,,spur probably fully developed but a little rough surface,
californica,,,E 7695,141.45,21.2,13.2,8.51,5.9,22.17,12.46,10.91,67,17.29,Rancho La Brea,R,adult,,,spur probably fully developed but a little rough surface,
californica,,,E 8370,134.87,21.67,12.7,8.71,5.46,22.17,11.92,10.65,62.18,16.08,Rancho La Brea,R,adult,,,"spur probably fully developed but a little rough surface, and broken",
californica,,,E 7671,130.99,21.33,13.21,8.61,5.36,21.75,12.11,10.63,,,Rancho La Brea,R,adult,,,spur=little bump,
californica,,,E 6317,134.98,20.53,13.25,7.4,5.43,,,,62.3,13.1,Rancho La Brea,R,adult,,,spur probably fully developed but a little rough surface,
californica,,,E 5177,140.02,22.93,14.25,8.71,5.71,23.67,13.22,11.8,66.77,19.48,Rancho La Brea,R,adult,,,spur fully developed,
californica,,,E 5336,141.86,,,8.98,5.74,22.54,12.01,10.63,64.25,19.47,Rancho La Brea,R,adult,,,spur fully developed,
californica,,,E 8389,135.22,22.17,13.59,8.44,5.63,22.17,12.45,10.5,61.97,16.15,Rancho La Brea,R,adult,,,spur fully developed,
californica,,,K 3090,132.16,22.38,13.26,8.48,5.54,22.74,12.18,11.24,62.68,17.72,Rancho La Brea,R,adult,,,spur probably fully developed but a little rough surface,
californica,,,E 8004,134.47,,13.78,8.15,5.67,,,10.88,60.65,16,Rancho La Brea,R,adult,,,"spur probably fully developed but a little rough surface, and broken",
californica,,,E 7339,143.28,22.48,14.06,8.68,5.88,22.03,12.52,10.73,66.07,,Rancho La Brea,R,adult,,,spur broken off,
californica,,,E 5181,141.73,22.37,14.08,9.15,5.91,23.98,13.15,11.73,64.49,21.39,Rancho La Brea,R,adult,,,spur fully developed,
californica,,,E 7492,142.96,22.39,13.9,8.95,5.7,23.64,12.77,11.59,67.71,18.24,Rancho La Brea,R,adult,,,spur probably fully developed but a little rough surface,
californica,,,E 7411,141.71,22.32,13.26,9.06,5.82,22.26,11.71,11.27,65.24,14.88,Rancho La Brea,R,adult,,,spur spongy,
californica,,,E 7418,142.19,21.11,13.43,8.63,5.78,21.98,11.5,,64.28,,Rancho La Brea,R,adult,,,spur=little bump,
californica,,,E 6474,130.76,19.83,12.75,8.54,5.45,21.77,11.6,10.08,58.38,14.7,Rancho La Brea,R,adult,,,spur probably fully developed but a little rough surface; small spur,
californica,,,E 6843,136.8,21.9,13.04,8.43,5.67,21.97,11.6,11.01,64.64,20.04,Rancho La Brea,R,adult,,,spur fully developed,
californica,,,E 7294,137.19,20.73,13.79,8.56,5.53,22.06,12,11.08,62.9,20.64,Rancho La Brea,R,adult,,,spur fully developed,
californica,,,E 5216,135.16,20.92,13.14,8.41,5.65,21.45,11.28,10.42,63.61,19.29,Rancho La Brea,R,adult,,,spur fully developed,
californica,,,E 6334,141.85,21.47,13.52,,5.44,21.98,12.11,,66.12,14.28,Rancho La Brea,R,adult,,,spur probably fully developed but a little rough surface,
californica,,,E 8246,141.09,23.03,14.8,9.24,5.91,24.35,12.62,11.81,65.49,17.86,Rancho La Brea,R,adult,,,Spur fully developed but top broken off,
californica,,,E 6518,141.58,20.48,13.15,8.26,5.69,22.01,11.72,10.44,63.14,18.4,Rancho La Brea,R,adult,,,spur fully developed,
californica,,,E 5761,138.76,21.93,13.52,8.52,5.76,23,12.88,11.2,61.25,18.63,Rancho La Brea,R,adult,,,spur fully developed,
californica,,,E 5356,131.41,20.56,13.75,8.14,5.39,21.27,11.24,10.23,62.18,17.47,Rancho La Brea,R,adult,,,spur fully developed,
californica,,,E 6804,140.46,22.01,14.15,8.71,5.72,21.94,11.92,11.37,62.36,15.28,Rancho La Brea,R,adult,,,spur spongy,
californica,,,E 6660,144.68,20.96,13.06,8.47,5.73,22.29,12.03,10.83,67.82,,Rancho La Brea,R,adult,,,spur=little bump,
californica,,,E 6625,134.6,20.52,13.59,8.31,5.75,21.13,11.37,10.57,59.51,18.44,Rancho La Brea,R,adult,,,spur fully developed,
californica,,,E 8140,145.97,21.64,13.8,8.31,5.64,22.22,12.26,10.73,67.06,,Rancho La Brea,R,imm?,,Measurements OK with the exception of spur length,spur=little bump,
californica,,,E 6845,142.86,21.24,,8.12,,22.3,11.72,,,,Rancho La Brea,R,adult,,,spur missing but probably used to be,
californica,,,E 7672,140.77,22.63,14.37,8.87,5.95,22.5,11.98,11.24,64.47,16.93,Rancho La Brea,R,adult,,,spur fully developed,
californica,,,E 7923,143.01,23.01,14.32,9.52,5.36,23.74,13.18,11.76,64.13,23.42,Rancho La Brea,R,adult,,,"spur fully developed, very long",
californica,,,G 5993,127.29,20.58,,8.48,5.99,21.81,,,61.49,20.08,Rancho La Brea,R,adult,,,spur fully developed,
californica,,,E 6339,140.29,22.77,13.44,8.61,5.56,21.98,12.41,10.96,65.12,17.13,Rancho La Brea,R,adult,,,spur probably fully developed but a little rough surface,
californica,,,E 8466,146.83,21.82,13.67,9.12,5.69,22.6,,,65.66,21.46,Rancho La Brea,R,adult,,,spur fully developed,
californica,,,E 6454,140.25,21.43,13.22,8.14,5.71,21.87,12.02,10.48,64.34,19.86,Rancho La Brea,R,adult,,,spur fully developed,
californica,,,E 5412,124.71,21.29,13.22,7.8,5.12,21.15,11.58,10.34,60.25,,Rancho La Brea,R,adult,,,spur=little bump,
californica,,,E 6806,141.84,21.66,13.6,8.65,5.66,22.46,12.1,10.95,62.08,16.53,Rancho La Brea,R,adult,,,spur probably fully developed but a little rough surface,
californica,,,G 6271,139.92,,13.54,8.92,5.37,23.27,13.08,11.47,64.79,14.55,Rancho La Brea,R,adult,,,spur spongy,
californica,,,E 6271,144.93,20.29,12.68,8.68,5.59,21.87,12.15,,62.04,,Rancho La Brea,R,adult,,,spur=little bump,
californica,,,E 5235,142.99,21.3,12.36,8.75,5.61,23.2,12.8,10.8,65.52,17,Rancho La Brea,R,adult,,,spur fully developed,
californica,,,E 8478,150.75,22.73,14.24,9.1,6.05,22.09,12.52,11.1,69.35,,Rancho La Brea,R,adult,,,spur broken off,
californica,,,E 6039,147.61,23.51,14.66,8.7,5.85,24.16,12.67,11.71,65.51,15.03,Rancho La Brea,R,adult,,,spur probably fully developed but a little rough surface; top broken off,
californica,,,E 5317,,22.18,13.5,8.31,5.23,,,,,16.78,Rancho La Brea,R,adult,,,spur probably fully developed but a little rough surface,
californica,,,E 7215,133.12,20.94,13.62,8.59,5.7,22.04,11.94,10.69,62.11,,Rancho La Brea,R,adult,,,spur=little bump,
californica,,,K 8053,135.87,21.22,12.9,8.76,5.42,22,12.2,10.99,61.36,13.59,Rancho La Brea,R,adult,,,spur spongy,
californica,,,E 6028,146.93,22.99,14.22,7.89,5.63,23.23,12.72,11.28,,,Rancho La Brea,R,imm?,,Measurements OK,No spur,Male by size?
californica,,,E 6897,141.4,22.62,14.31,8.16,5.48,23.94,12.43,11.43,,,Rancho La Brea,R,imm?,,Measurements OK,No spur,Male by size?
californica,,,E 7677,141.09,21.78,13.04,8.36,5.39,,,10.82,,,Rancho La Brea,R,imm?,,Measurements OK,No spur,Male by size?
californica,,,E 5685,145.05,22.39,14.63,8.38,5.51,22.95,12.25,11.37,,,Rancho La Brea,R,imm?,,Measurements OK,No spur,Male by size?
californica,,,E 5793,139.69,22.69,14.31,8.34,5.45,23.18,12.75,10.76,,,Rancho La Brea,R,imm?,,Measurements OK,No spur,Male by size?
californica,,,E 6811,136.5,20.82,,7.31,5.32,21.33,11.98,,,,Rancho La Brea,R,imm (prox part spongy),,Measurements probably OK,No spur,Male by size?
californica,,,E 5899,145.73,22.25,13.69,8.32,5.63,23.08,12.84,11.1,,,Rancho La Brea,R,imm (prox part spongy),,Measurements probably OK,No spur,Male by size?
californica,,,E 7711,148.84,22.65,14.46,9.07,5.73,21.4,11.98,11.25,,,Rancho La Brea,R,imm?,,Measurements OK,No spur,Male by size?
californica,,,E 7556,141.28,21.93,14.43,8.04,5.47,22.29,12.4,10.72,,,Rancho La Brea,R,imm?,,Measurements OK,No spur,Male by size?
californica,,,E 5778,141.8,22.85,14.43,8.33,5.66,21.91,12.89,10.81,,,Rancho La Brea,R,imm?,,Measurements OK,No spur,Male by size?
californica,,,E 6836,147.93,22.5,13.71,8.65,5.71,23.35,11.59,11.27,,,Rancho La Brea,R,imm (prox part spongy),,Measurements probably OK,No spur,Male by size?
californica,,,E 8479,150.37,22.19,13.83,8.57,5.43,23.3,13.06,11.59,,,Rancho La Brea,R,imm (prox part spongy),,Measurements probably OK,No spur,Male by size?
californica,,,E 5073,140.36,21.33,12.98,7.47,5.1,21.76,11.99,11,,,Rancho La Brea,R,imm (prox part spongy),,Measurements probably OK,No spur,Male by size?
californica,,,E 8156,,21.57,13.08,7.88,5.24,22.18,,,,,Rancho La Brea,R,imm?,,Measurements probably OK,No spur,Male by size?
californica,,,E 6580,140.2,20.25,13.41,7.97,5.18,22.83,11.19,,,,Rancho La Brea,R,imm (prox part spongy),,Measurements probably OK,No spur,Male by size?
californica,,,E 6844,146.5,22.21,,7.77,5.59,22.08,12.25,11.01,,,Rancho La Brea,R,imm (prox part spongy),,Measurements probably OK,No spur,Male by size?
californica,,,E 8130,143.15,22.06,13.83,8.18,5.36,22.17,12.48,11.07,,,Rancho La Brea,R,imm?,,Measurements OK,No spur,Male by size?
californica,,,E 8063,145.47,22.18,13.94,9.31,6.27,21.91,12.64,11.29,,,Rancho La Brea,R,adult,,,Spur broken off?,Male by size?
californica,,,E 6124,146.23,21.83,14.31,7.66,5.41,22.32,,,,,Rancho La Brea,R,adult,,,Spur broken off?,Male by size?
californica,,,E 5220,140.6,22.37,13.7,8.16,5.51,22.49,13.03,,,,Rancho La Brea,R,adult,,,Spur broken off?,Male by size?
californica,,,E 7467,125.81,18.84,12.12,8.13,5.26,,,,,,Rancho La Brea,R,adult,,,No spur,Female by size?
californica,,,E 6304,137.26,18.6,13.15,7.46,5.02,21.89,11.31,,,,Rancho La Brea,R,adult,,,No spur,
californica,,,E 7761,115.9,17.18,11.26,,4.29,18.28,9.89,9.22,,,Rancho La Brea,R,imm?,,Measurements probably OK,No spur,
californica,,,E 6291,102.61,17.59,10.67,6.91,4.66,18.04,9.31,8.57,,,Rancho La Brea,R,adult,,,,
californica,,,K 3094,113.4,18.32,11.41,7.07,4.68,18.44,10.1,9.11,,,Rancho La Brea,R,imm?,,Measurements probably OK,,
californica,,,E 5269,117.49,18.28,11.41,6.89,5.07,18.78,10.68,9.07,,,Rancho La Brea,R,adult,,,,
californica,,,E 7738,109.6,16.33,10.37,6.73,4.4,17.84,9.66,8.96,,,Rancho La Brea,R,adult,,,,
californica,,,E 5493,115.5,18.11,11.4,6.55,4.4,19.48,10.46,9.51,,,Rancho La Brea,R,adult,,,,
californica,,,E 6710,111.87,18.45,11.18,6.5,4.59,18.13,10.16,9.21,,,Rancho La Brea,R,adult,,,,
californica,,,E 7675,107.86,18.48,11.3,6.79,4.96,17.65,10.73,9.25,,,Rancho La Brea,R,adult,,,,
californica,,,E 8454,116.02,18.62,11.69,7.12,4.85,18.54,10.21,9.1,,,Rancho La Brea,R,adult,,,,
californica,,,E 5427,120.69,19.16,11.77,6.9,5.11,19.88,10.36,9.48,,,Rancho La Brea,R,adult,,,,
californica,,,E 7608,115.16,18.07,11.01,7.16,4.68,18.61,10.25,9.19,,,Rancho La Brea,R,adult,,,,
californica,,,E 8498,112.75,18.39,11.4,6.67,4.67,18.76,9.97,9.04,,,Rancho La Brea,R,adult,,,,
californica,,,E 5827,114.64,18.74,11.78,7.26,4.98,18.76,10.97,9.63,,,Rancho La Brea,R,adult,,,,
californica,,,E 8215,115.37,19.33,11.79,7.48,5.03,19.53,10.92,9.79,,,Rancho La Brea,R,adult,,,,
californica,,,E 6115,122.26,19.27,11.64,7.34,4.67,19.11,9.74,9.12,,,Rancho La Brea,R,adult,,,,
californica,,,E 8125,118.24,19.12,12.35,6.93,5.02,19.1,9.71,9.71,,,Rancho La Brea,R,adult,,,,
californica,,,E 7914,115.12,,11.72,7.6,5.09,19.1,11.03,9.32,,,Rancho La Brea,R,adult,,,,
californica,,,E 7534,118.67,,11.8,7.15,4.92,19.06,10.45,8.96,,,Rancho La Brea,R,adult,,,,
californica,,,E 8546,120.04,18.44,11.32,7.25,4.94,18.61,10.46,9,,,Rancho La Brea,R,adult,,,,
californica,,,E 5977,110.52,18.29,11.53,7.23,4.65,19.21,10.27,9.01,,,Rancho La Brea,R,adult,,,,
californica,,,E 6272,115.34,18.32,11.54,6.77,4.97,18.77,9.94,8.52,,,Rancho La Brea,R,adult,,,,
californica,,,E 6948,112.7,18.27,11.43,6.99,5.01,18.93,10.25,9.43,,,Rancho La Brea,R,adult,,,,
californica,,,E 6965,115.19,17.47,11.16,7.01,4.61,18.55,9.84,8.79,,,Rancho La Brea,R,adult,,,,
californica,,,E 6331,116.01,18.33,11.73,7.02,4.57,18.16,9.73,8.53,,,Rancho La Brea,R,adult,,,,
californica,,,E 6337,116.54,16.95,10.83,,4.55,18.11,9.56,9.01,,,Rancho La Brea,R,adult,,,,
californica,,,E 8362,119.99,19.05,11.23,7.35,4.93,19.5,11.09,9.37,,,Rancho La Brea,R,adult,,,,
californica,,,E 5466,115.81,17.95,10.91,6.82,,,,8.99,,,Rancho La Brea,R,imm?,,Measurements probably OK,,
californica,,,E 5851,114.52,18.54,11.22,7.15,5,19.22,10.52,8.98,,,Rancho La Brea,R,adult,,,,
californica,,,E 7916,111.12,18.51,11.45,6.93,4.62,18.7,10.68,9.18,,,Rancho La Brea,R,imm (prox part spongy),,Measurements probably OK,,
californica,,,E 8249,115,,10.77,7.16,4.77,19.19,10.51,9.59,,,Rancho La Brea,R,adult,,,,
californica,,,E 5351,112.45,17.48,10.83,6.62,4.74,18.4,9.52,8.32,,,Rancho La Brea,R,adult,,,,
californica,,,E 5123,120.16,18.64,11.78,7.26,4.98,19.11,11.25,9.35,,,Rancho La Brea,R,adult,,,,
californica,,,E 5898,114.17,18.46,11.51,6.51,4.46,19.08,9.79,9.53,,,Rancho La Brea,R,adult,,,,
californica,,,E 8038,108.26,18.9,12.03,7.2,4.99,18.72,10.92,9.18,,,Rancho La Brea,R,adult,,,,
californica,,,E 6942,117.34,,11.74,6.86,4.84,17.95,10.6,9.34,,,Rancho La Brea,R,adult,,,,
californica,,,E 8121,110.52,17.99,11.02,6.68,4.8,17.75,10.25,8.86,,,Rancho La Brea,R,adult,,,,
californica,,,E 7057,118.53,17.52,10.73,6.75,4.61,17.9,9.32,8.59,,,Rancho La Brea,R,adult,,,,
californica,,,E 6748,110.89,17.33,,6.8,4.53,,,8.54,,,Rancho La Brea,R,adult,,,,
californica,,,E 7934,111.96,17.86,11.14,6.35,4.5,17.79,10.21,8.69,,,Rancho La Brea,R,imm (prox part spongy),,Measurements probably OK,,
californica,,,E 8465,118.55,18.56,11.26,7.27,4.6,18.62,9.48,8.62,,,Rancho La Brea,R,adult,,,,
californica,,,E 8512,115.48,19.56,11.91,7.54,5.19,19.42,10.86,9.68,,,Rancho La Brea,R,adult,,,,
californica,,,E 6745,113.84,18.17,11.28,7.02,4.64,19.03,11.04,9.42,,,Rancho La Brea,R,adult,,,,
californica,,,E 5343,112.71,19.06,11.57,7.04,4.76,19.17,10.91,9.48,,,Rancho La Brea,R,adult,,,,
californica,,,E 8469,120.7,19.34,11.56,7.15,4.99,19.76,11.37,9.6,,,Rancho La Brea,R,adult,,,,
californica,,,G 5944,110.88,18.49,11.46,7.06,4.93,19.21,10.73,9.17,,,Rancho La Brea,R,adult,,,,
californica,,,E 7508,119.1,18.37,11.55,7.2,4.81,18.71,10.81,9.2,,,Rancho La Brea,R,adult,,,,
californica,,,E 6950,116.2,17.02,10.86,6.95,4.8,,,8.9,,,Rancho La Brea,R,adult,,,,
californica,,,D 8174,117.28,18.93,11.52,7.46,4.97,19.91,10.46,9.5,,,Rancho La Brea,R,adult,,,,
californica,,,E 5382,111.88,17.95,11.57,6.6,4.62,18.39,10.15,9.2,,,Rancho La Brea,R,adult,,,,
californica,,,E 8030,120.41,18.3,10.96,7.27,5.03,19.05,11.32,9.4,,,Rancho La Brea,R,adult,,,,
californica,,,E 7620,120.62,18.74,11.76,7.39,4.79,19.13,10.63,9.77,,,Rancho La Brea,R,adult,,,,
californica,,,E 6278,118.47,18.21,11.05,7.17,4.8,19.49,10.77,8.89,,,Rancho La Brea,R,adult,,,,
californica,,,E 8227,115.07,17.97,11.52,7.03,4.95,19,10.6,9.47,,,Rancho La Brea,R,adult,,,,
californica,,,E 8022,118.33,18.99,11.53,6.59,4.52,19.32,9.67,9.19,,,Rancho La Brea,R,adult,,,,
californica,,,E 7282,117.54,19.02,11.74,6.82,4.92,18.94,10.97,9.18,,,Rancho La Brea,R,adult,,,,
californica,,,E 6939,117.02,18.67,11.16,7.33,4.84,19,10.27,9.56,,,Rancho La Brea,R,adult,,,,
californica,,,E 8506,113.78,18.07,11.18,6.64,4.48,20,9.98,9.51,,,Rancho La Brea,R,adult,,,,
californica,,,E 7122,120.62,18.27,11.72,7.64,5.34,18.54,10.08,9.14,,,Rancho La Brea,R,adult,,,,
californica,,,E 8240,126.62,18.52,12.24,7.49,5,20.35,10.51,10.06,,,Rancho La Brea,R,adult,,,,
californica,,,E 5865,111.84,18.42,11.22,6.54,4.69,18.54,10.34,9.12,,,Rancho La Brea,R,adult,,,,
californica,,,E 7743,113.87,18.26,11,6.83,4.77,19.19,10.38,9.33,,,Rancho La Brea,R,imm (prox part spongy),,Measurements probably OK,,
californica,,,E 7681,120.14,18.74,11.88,7.42,4.78,18.54,10.08,9.18,,,Rancho La Brea,R,adult,,,,
californica,,,E 7573,115.31,18.53,11.65,7.13,4.67,19.94,10.03,,,,Rancho La Brea,R,adult,,,,
californica,,,E 7242,119.84,,10.93,7.1,4.69,,,9.64,,,Rancho La Brea,R,adult,,,,
californica,,,E 8518,116.93,18.58,11.75,6.73,4.75,19.26,11.29,9.58,,,Rancho La Brea,R,adult,,,,
californica,,,E 8358,110.04,18.02,11.13,6.86,4.68,18.89,10.5,9.49,,,Rancho La Brea,R,imm?,,Measurements probably OK,,
californica,,,E 5718,119.12,17.73,11.59,,4.56,18.49,10.12,8.98,,,Rancho La Brea,R,imm?,,Measurements probably OK,,
californica,,,E 5839,118.4,18.68,11.59,6.9,4.89,19.18,10.88,9.57,,,Rancho La Brea,R,adult,,,,
californica,,,E 7984,116.72,18.5,11.62,6.57,4.48,18.21,10.16,9.01,,,Rancho La Brea,R,adult,,,,
californica,,,E 7036,110.35,17.19,11,6.37,4.44,18.16,10.02,9.15,,,Rancho La Brea,R,imm?,,Measurements probably OK,,
californica,,,E 8199,119.43,18.41,,7.14,5.14,19.94,10.51,9.81,,,Rancho La Brea,R,imm?,,Measurements probably OK,,
californica,,,E 6358,113.67,17.36,10.87,,4.43,17.85,10.14,8.81,,,Rancho La Brea,R,imm?,,Measurements probably OK,,
californica,,,E 5788,113.74,17.68,11.08,6.89,4.65,17.9,10.3,9.06,,,Rancho La Brea,R,imm?,,Measurements probably OK,,
californica,,,E 7023,115.15,18.3,11.81,6.93,4.58,18.55,10.12,8.99,,,Rancho La Brea,R,imm (prox part spongy),,Measurements probably OK,,
californica,,,G 5980,116.31,17.98,11.54,6.52,4.86,18.79,10.05,9.05,,,Rancho La Brea,R,imm?,,Measurements probably OK,,
californica,,,E 7952,112.99,18.01,11.24,6.87,4.63,18.83,10.3,9.28,,,Rancho La Brea,R,adult,,,,
californica,,,E 6620,118.17,,11.56,6.4,4.45,18.2,9.59,8.86,,,Rancho La Brea,R,adult,,,,
californica,,,E 6646,119.01,,,7.15,4.71,18.99,9.28,8.92,,,Rancho La Brea,R,adult,,,,
californica,,,G 6225,107.99,,10.76,6.36,4.33,,9.52,8.9,,,Rancho La Brea,R,adult,,,,
californica,,,E 5087,113.36,17.16,,6.92,4.3,18.16,9.43,,,,Rancho La Brea,R,imm?,,Measurements probably OK,,
californica,,,G 5928,113.46,17.45,10.15,6.79,4.51,18.37,9.33,,,,Rancho La Brea,R,adult,,,,
californica,,,E 8018,117.65,19.33,12.29,7.42,4.81,19.7,10.35,9.46,,,Rancho La Brea,R,adult,,,,
californica,,,E 8160,114.54,18.8,11.27,6.44,4.57,19.12,9.84,9.27,,,Rancho La Brea,R,imm?,,Measurements probably OK,,
californica,,,E 7721,116.29,18.27,10.64,6.58,4.66,17.88,9.94,9.19,,,Rancho La Brea,R,adult,,,,
californica,,,E 6295,120.49,18.89,11.33,6.73,4.62,18.78,9.63,,,,Rancho La Brea,R,adult,,,,
californica,,,E 6903,115.13,18.6,11.3,6.82,4.73,18.39,10.43,9.05,,,Rancho La Brea,R,adult,,,,
californica,,,E 5080,119.07,18.25,11.83,7.5,5.08,18.94,10.48,10.05,,,Rancho La Brea,R,adult,,,,
californica,,,E 6482,116.11,18.48,11.75,7.06,4.71,19.03,10.74,,,,Rancho La Brea,R,adult,,,,
californica,,,E 5912,119.6,18.41,,7.74,5.14,19.01,10.18,9.19,,,Rancho La Brea,R,adult,,,,
californica,,,E 6142,118.09,,,6.72,4.41,18.38,9.63,8.63,,,Rancho La Brea,R,adult,,,,
californica,,,E 5299,120.51,17.89,11.27,6.84,4.73,19.63,9.59,,,,Rancho La Brea,R,adult,,,,
californica,,,E 5384,116.61,19.04,11.43,6.5,4.53,18.99,,9.34,,,Rancho La Brea,R,adult,,,,
californica,,,E 6435,108.86,,,6.77,4.64,16.9,9.04,8.07,,,Rancho La Brea,R,adult,,,,
californica,,,E 6074,111.97,17.11,10.54,6.76,4.79,17.03,9.55,8.31,,,Rancho La Brea,R,adult,,,,
californica,,,E 6652,118.69,,,6.6,4.5,18.1,10.1,8.73,,,Rancho La Brea,R,adult,,,,
californica,,,E 8525,117.8,18.22,11.38,6.92,4.59,19.44,10.07,9.47,,,Rancho La Brea,R,adult,,,,
californica,,,E 6579,139.45,19.43,12.17,8.47,5.58,21.64,12.07,,67.37,20.77,Rancho La Brea,L,adult,,,spur fully developed,
californica,,,E 8464,144.81,21.41,13.75,9.25,5.73,22.23,11.83,10.78,65.55,19.52,Rancho La Brea,L,adult,,,spur fully developed,
californica,,,E 7181,139.87,22.07,13.57,8.48,5.01,20.67,10.23,9.7,64.1,15.97,Rancho La Brea,L,adult,,,spur probably fully developed but a little rough surface,
californica,,,E 7145,142.12,22.82,14.49,8.93,6.23,22.39,13.14,11.29,65.62,19.23,Rancho La Brea,L,adult,,,spur fully developed,
californica,,,E 6837,139.53,22.43,14.1,8.09,,,,11.31,65.61,12.28,Rancho La Brea,L,adult,,,spur spongy,
californica,,,E 7413,138.27,20.5,13.28,8.62,5.67,22.19,11.95,10.53,67.43,,Rancho La Brea,L,adult,,,"spur=little bump, top broken off",
californica,,,E 7394,150.02,22.63,14.56,9.68,6.34,23.1,13.28,11.5,71.37,18.69,Rancho La Brea,L,adult,Measurement G correct!! (=relatively larger than in other californica),,spur probably fully developed but a little rough surface,
californica,,,E 5224,141.76,21.41,,8.72,5.79,22.52,12.85,11.01,,,Rancho La Brea,L,adult,,,spur broken off,
californica,,,E 7551,139.52,,13.9,8.7,5.44,22.39,11.67,10.42,,,Rancho La Brea,L,adult,,,spur broken off,
californica,,,E 6828,135.85,21,13.08,8.2,5.44,21.39,12.01,10.63,,,Rancho La Brea,L,adult,,,,
californica,,,E 7510,,,,7.87,5.32,20.02,10.57,,61.77,12.54,Rancho La Brea,L,adult,,,spur probably fully developed but a little rough surface; very short!,
californica,,,E 5359,144.41,23.51,13.58,9,5.79,23.01,12.97,11.51,64.31,21.51,Rancho La Brea,L,adult,,,spur fully developed,
californica,,,E 7649,142.87,21.56,14.34,9,5.84,22.72,13.1,11.26,62.25,20.49,Rancho La Brea,L,adult,,,spur fully developed,
californica,,,E 7293,136.1,21.89,13.83,8.43,6.24,21.69,11.82,10.54,65.33,17.19,Rancho La Brea,L,adult,,,spur fully developed,
californica,,,E 6602,134.81,19.55,13.02,8.17,5.34,21.11,12.04,10.42,64.18,13.39,Rancho La Brea,L,adult,,,spur probably fully developed but a little rough surface; very short!,
californica,,,E 6783,145.78,,,8.85,5.62,22.45,13.15,11.16,68.02,14.2,Rancho La Brea,L,adult,,,spur spongy,
californica,,,E 5784,138.33,21.53,13.91,8.52,5.66,22.38,12.48,10.44,65.74,21.95,Rancho La Brea,L,adult,,,spur fully developed,
californica,,,K 3095,141.15,21.9,13.13,8.43,5.63,22.64,13.18,10.88,69.83,19.05,Rancho La Brea,L,adult,,,spur probably fully developed but a little rough surface,
californica,,,E 5935,141.97,,13.67,8.92,5.83,23.04,12.06,10.94,63.36,,Rancho La Brea,L,adult,,,spur broken off,
californica,,,E 5335,143.37,22.05,13.94,8.82,5.74,23.42,12.9,11.07,68.21,14.33,Rancho La Brea,L,adult,,,spur spongy,
californica,,,E 6690,136.34,20.97,14.17,8.48,5.78,21.46,12.26,10.63,62.44,16.63,Rancho La Brea,L,adult,,,spur probably fully developed but a little rough surface,
californica,,,E 8567,142.98,22.22,14.52,9.21,6.05,22.78,12.4,11.39,64.37,17.82,Rancho La Brea,L,adult,,,spur fully developed,
californica,,,K 3097,146.75,21.18,13.55,9.13,5.76,22.93,12.82,11.03,65.54,16.3,Rancho La Brea,L,adult,,,spur probably fully developed but a little rough surface,
californica,,,E 5993,141.78,23.27,14.57,9.25,5.73,,,11.82,66.12,,Rancho La Brea,L,adult,,,spur broken off,
californica,,,E 6073,148.36,22.69,14.68,8.83,5.97,23.76,13.09,11.34,67.47,18.89,Rancho La Brea,L,adult,,,spur fully developed,
californica,,,E 6659,140.03,20.72,13.01,8.74,5.4,20.98,12.11,10.09,64.77,18.07,Rancho La Brea,L,adult,,,spur fully developed,
californica,,,E 5635,138.71,22.96,14.7,9.02,5.69,23.09,12.96,11.31,66.43,19.41,Rancho La Brea,L,adult,,,spur fully developed,
californica,,,E 5217,138.61,21.21,13.6,8.56,5.44,21.48,11.6,10.44,69.25,11.22,Rancho La Brea,L,adult,,,spur worn off?,
californica,,,K 3098,139.28,20.91,13.03,8.31,5.49,21.23,12.12,10.52,65.24,17.75,Rancho La Brea,L,adult,,,spur fully developed,
californica,,,E 5838,146.58,23.51,15.07,9.25,6.27,23.75,12.91,11.63,70.63,21.02,Rancho La Brea,L,adult,,,spur fully developed,
californica,,,E 5324,143.7,21.96,13.77,8.64,5.59,22.2,12.87,10.83,66.76,14.48,Rancho La Brea,L,adult,,,spur spongy,
californica,,,E 8467,133.66,18.64,,8.19,5.27,21.66,11.49,10.21,60.97,14.25,Rancho La Brea,L,adult,,,top of spur broken off,
californica,,,E 8025,146.08,21.3,14.1,8.76,6.14,22.3,12.4,10.96,68.64,18.64,Rancho La Brea,L,adult,,,spur fully developed,
californica,,,E 5347,143.92,,,8.09,4.99,21.73,11,,64.84,,Rancho La Brea,L,adult,,,spur broken off,
californica,,,E 6298,140.66,21.66,13.44,8.25,5.12,22.21,11.49,10.74,63.05,13.22,Rancho La Brea,L,adult,,,spur spongy,
californica,,,E 8528,139.78,,13.52,9.23,6.05,,,,63.64,,Rancho La Brea,L,adult,,,spur broken off,
californica,,,E 5229,136.26,20.61,13.49,8.68,5.35,22.06,11.93,10.43,63.22,17.26,Rancho La Brea,L,adult,,,spur fully developed,
californica,,,E 5345,138.01,22.06,14.46,8.96,5.89,22.77,12.88,11.61,64.59,15.62,Rancho La Brea,L,adult,,,spur probably fully developed but a little rough surface,
californica,,,E 7983,135.58,20.75,13.34,8.69,5.65,22.97,12.67,11.08,65.68,19.42,Rancho La Brea,L,adult,,,spur fully developed,
californica,,,K 3089,144.08,22.81,14.04,8.61,5.64,,,10.62,66.2,19.03,Rancho La Brea,L,adult,,,spur fully developed,
californica,,,E 5265,140.5,21.54,13.66,9.22,6.09,22.21,13.4,11.45,63.36,15.58,Rancho La Brea,L,adult,,,spur fully developed; short,
californica,,,E 6689,143.59,22.82,13.72,8.71,5.68,22.56,12.36,10.96,64.97,21.23,Rancho La Brea,L,adult,,,spur fully developed,
californica,,,E 5675,141.71,21.59,13.75,8.96,5.75,22.91,13.04,11.07,63.08,16.85,Rancho La Brea,L,adult,,,spur fully developed,
californica,,,E 8530,139.42,22.02,12.91,8.78,5.66,22.27,12.43,10.68,,,Rancho La Brea,L,adult,,,spur probably used to be but it is broken off?,
californica,,,E 6096,140.7,21.98,13.77,8.57,5.47,21.75,13.03,11.25,68.23,19.18,Rancho La Brea,L,adult,,,spur fully developed,
californica,,,E 6128,130.39,19.9,13.13,8.11,5.35,21.13,11.95,10.07,59.57,16.17,Rancho La Brea,L,adult,,,spur probably fully developed but a little rough surface,
californica,,,E 6578,145.58,21.91,14.46,8.57,5.87,22.34,12.9,11.26,68.44,15.58,Rancho La Brea,L,adult,,,spur probably fully developed but a little rough surface,
californica,,,E 8519,141.85,22.63,14.14,9.09,5.81,22.55,12.51,10.58,67.64,16.78,Rancho La Brea,L,adult,,,spur probably fully developed but a little rough surface,
californica,,,E 7670,139.66,21.95,13.76,9.15,5.85,22.11,12.1,10.6,66.93,22.18,Rancho La Brea,L,adult,,,spur fully developed,
californica,,,K 3091,143.14,23.21,15.25,9.48,6.3,22.84,12.57,10.9,66.85,22.04,Rancho La Brea,L,adult,,,spur fully developed,
californica,,,E 7643,140.09,21.42,13.8,8.36,5.66,22.56,12.62,11,66.94,14.73,Rancho La Brea,L,adult,,,spur spongy,
californica,,,E 7059,141.32,22.24,13.69,8.9,5.65,22.94,12.3,10.65,70.38,13.63,Rancho La Brea,L,adult,,,spur probably fully developed but a little rough surface,
californica,,,E 7740,147.15,23.04,15.04,9.3,6.15,23.16,13.36,11.02,67.22,20.24,Rancho La Brea,L,adult,,,spur fully developed,
californica,,,E 6711,140.51,24.23,14.01,8.71,5.97,23.08,13.23,10.61,64.76,15.34,Rancho La Brea,L,adult,,,spur probably fully developed but a little rough surface,
californica,,,E 8412,143.14,21.98,14.24,8.68,5.8,22.66,12.31,11.04,66.35,18.84,Rancho La Brea,L,adult,,,spur fully developed,
californica,,,E 6552,130.62,22.49,13.4,8.17,5.84,21.44,12.52,10.61,65.24,19.99,Rancho La Brea,L,adult,,,spur fully developed,
californica,,,K 3096,139.17,22.45,13.78,9.34,5.96,22.85,13.25,11.34,63.78,15.07,Rancho La Brea,L,adult,,,spur probably fully developed but a little rough surface,
californica,,,E 5405,132.78,21.26,13.66,8.59,5.6,22.38,12.51,10.93,63.56,14.75,Rancho La Brea,L,adult,,,top of spur broken off,
californica,,,E 6103,142.46,22.62,15.29,9.11,6.04,23.68,13.03,11.4,68.85,12.07,Rancho La Brea,L,adult,,,top of spur broken off,
californica,,,E 7455,134.22,22.34,13.52,8.95,5.96,22.08,11.64,10.39,62.93,16.7,Rancho La Brea,L,adult,,,spur probably fully developed but a little rough surface,
californica,,,E 6839,147.01,22.19,14.15,8.78,5.62,22.47,13.22,10.77,68.89,18.24,Rancho La Brea,L,adult,,,spur fully developed,
californica,,,E 6113,134.22,20.93,13.54,8.3,5.67,21.42,11.74,10.46,66.16,20.55,Rancho La Brea,L,adult,,,spur fully developed,
californica,,,E 8390,138.11,22.93,13.85,8.71,5.93,22.2,12.54,10.67,65.99,11.46,Rancho La Brea,L,adult,,,spur spongy,
californica,,,G 6274,140.39,21.91,14.62,8.58,5.66,22.62,12.78,10.92,65.38,13.24,Rancho La Brea,L,adult,,,spur spongy,
californica,,,E 6849,130.79,20.85,13.41,8.16,5.47,21.45,11.57,10.57,62.44,17.97,Rancho La Brea,L,adult,,,spur probably fully developed but a little rough surface,
californica,,,E 7416,144.37,23.28,14.1,8.79,6.02,23.75,13.03,10.81,69.68,18.93,Rancho La Brea,L,adult,,,spur fully developed,
californica,,,E 7827,143.38,23.51,14.43,8.89,5.83,23.47,12.93,11.41,70.34,22.26,Rancho La Brea,L,adult,,,spur fully developed,
californica,,,E 5833,138.39,21.15,14.1,8.79,5.68,22.56,12.22,10.66,64.06,16.08,Rancho La Brea,L,adult,,,spur probably fully developed but a little rough surface,
californica,,,E 7894,143.18,22.38,14.15,9.24,5.74,22.25,12.47,10.47,60.97,17.29,Rancho La Brea,L,adult,,,spur fully developed,
californica,,,K 3088,132.94,20.84,13.58,8.45,5.62,22.17,12.6,10.1,62.96,18.57,Rancho La Brea,L,adult,,,spur fully developed,
californica,,,E 8410,139.37,21.46,13.69,8.53,5.69,22.42,12.01,10.82,63.01,15.88,Rancho La Brea,L,adult,,,spur probably fully developed but a little rough surface,
californica,,,E 8475,143.06,23.9,14.43,8.73,5.66,24.13,12.93,10.98,66.2,24.24,Rancho La Brea,L,adult,,,spur fully developed; very long,
californica,,,E 5272,139.87,21.29,14.21,8.17,5.09,22.48,11.96,10.27,65.02,16.52,Rancho La Brea,L,adult,,,spur probably fully developed but a little rough surface,
californica,,,E 5341,145.54,22.62,14.34,9.05,5.99,22.66,13.11,11.12,63.72,13.46,Rancho La Brea,L,adult,,,spur spongy,
californica,,,E 5770,140.83,22.44,14.23,9.26,5.82,23.03,12.89,11.13,63.8,18,Rancho La Brea,L,adult,,,spur fully developed,
californica,,,K 748,138.19,21.61,13.31,7.93,5.42,21.07,12.35,10.5,63.03,,Rancho La Brea,L,imm?,,,spur=little bump,
californica,,,G 5977,149.33,21.54,14.21,8.75,5.44,22.53,11.7,10.77,66.78,,Rancho La Brea,L,adult,,,spur=little bump,
californica,,,G 5986,146.58,,,9.1,5.45,21.15,12.31,,65.09,,Rancho La Brea,L,adult,,,spur broken off,
californica,,,G 5981,145.28,22.21,14.09,8.53,5.41,22.36,12.36,10.72,65.97,,Rancho La Brea,L,adult,,,spur=little bump,
californica,,,E 5775,149.32,23.16,14.88,8.92,5.93,24.63,12.91,11.23,71.85,22.39,Rancho La Brea,L,adult,,,spur fully developed; very long,
californica,,,E 5213,134.59,,,8.12,5.17,21.52,11.51,10.16,64.99,14.33,Rancho La Brea,L,adult,,,spur probably fully developed but a little rough surface,
californica,,,E 5199,137.26,22.46,14.02,8.98,5.94,22.52,12.08,10.25,65.21,17.08,Rancho La Brea,L,adult,,,spur probably fully developed but a little rough surface,
californica,,,E 7865,136.66,21.45,13.5,8,5.38,22.98,12.58,10.35,,,Rancho La Brea,L,imm?,,Measurements OK,no spur,
californica,,,E 8058,109.37,17.26,10.87,6.96,4.44,18.44,10.3,8.89,,,Rancho La Brea,L,adult,,,,
californica,,,E 6671,115.88,19.59,12.44,6.88,4.81,19.08,10.17,9.89,,,Rancho La Brea,L,adult,,,,
californica,,,E 6899,119.89,18.44,10.76,7.02,4.7,18.4,10.31,9.25,,,Rancho La Brea,L,adult,,,,
californica,,,E 7557,146.96,22.8,14.81,8.66,5.72,22.59,12.47,11.06,,,Rancho La Brea,L,imm?,,Measurements OK,No spur ,Male by size?
californica,,,E 6174,146.59,21.14,13.66,7.84,5.55,22.89,13.01,11.41,,,Rancho La Brea,L,imm?,,Measurements OK,No spur ,Male by size?
californica,,,E 6818,140.74,20.34,13.49,7.85,5.33,21.17,12.24,10.72,,,Rancho La Brea,L,adult,,,No spur; probably broken off?,
californica,,,E 5663,146.04,22.21,13.46,8.25,5.64,23.27,12.68,11.26,,,Rancho La Brea,L,imm (prox part spongy),,Measurements probably OK,No spur,Male by size?
californica,,,E 5955,143.03,21.84,13.98,8.1,5.09,22.52,11.88,10.98,,,Rancho La Brea,L,imm (prox part spongy),,Measurements probably OK,No spur,Male by size?
californica,,,E 7040,144.06,20.79,13.78,8.48,5.77,22.64,12.14,10.98,,,Rancho La Brea,L,adult,,,No spur; broken off?,Male by size?
californica,,,E 6106,136.1,21.78,13.18,7.47,5.27,22.27,12.28,10.93,,,Rancho La Brea,L,imm (prox part spongy),,Measurements probably OK,No spur,Male by size?
californica,,,E 6105,135.74,,12.6,7.68,4.89,21.3,11.34,10.24,,,Rancho La Brea,L,imm (prox part spongy),,Measurements probably OK,No spur,Male by size?
californica,,,E 6162,135.46,21.64,13.37,7.66,5.11,21.83,12.06,10.66,,,Rancho La Brea,L,imm (prox part spongy),,Measurements probably OK,No spur,Male by size?
californica,,,E 5948,132.94,21.24,13.37,7.73,5.47,,,10.54,,,Rancho La Brea,L,imm (prox part spongy),,Measurements probably OK,No spur,Male by size?
californica,,,E 6600,143.44,,12.63,,5.07,21.64,11.25,9.69,,,Rancho La Brea,L,imm (prox part spongy),,Measurements probably OK,No spur,Male by size?
californica,,,E 8522,147.67,20.66,13.38,7.8,5.35,22.73,12.34,10.74,,,Rancho La Brea,L,imm?,,Measurements probably OK,No spur,Male by size?
californica,,,E 6187,137.23,20.81,,7.8,5.46,22.15,,10.21,,,Rancho La Brea,L,imm (prox part spongy),,Measurements probably OK,No spur,Male by size?
californica,,,E 7240,132.84,21.35,12.9,7.94,5.4,22.54,12.04,10.36,,,Rancho La Brea,L,adult,,,No spur,
californica,,,E 8449,139.07,,,8.43,5.49,23.23,13.03,11.31,,,Rancho La Brea,L,adult,,,No spur,
californica,,,E 7452,141.56,21.7,13.53,8.19,5.06,22.24,11.91,10.99,,,Rancho La Brea,L,adult,,,,
californica,,,E 5771,139.85,20.83,13.56,8.17,5.65,22.41,12.38,11.04,,,Rancho La Brea,L,adult,,,,
californica,,,E 5281,143.82,22.05,14.16,8.27,5.45,23.4,12.6,10.74,,,Rancho La Brea,L,adult,,,,
californica,,,E 6961,141.51,21.86,14.19,7.69,5.73,20.82,12.09,10.55,,,Rancho La Brea,L,adult,,,,
californica,,,E 6727,138.04,20.78,13.83,7.98,5.16,22.43,12.52,11.15,,,Rancho La Brea,L,imm (prox part spongy),,Measurements probably OK,No spur,Male by size?
californica,,,E 8216,139.28,,12.82,8.01,5.45,21.75,11.56,10.51,,,Rancho La Brea,L,imm (prox part spongy),,Measurements probably OK,No spur,Male by size?
californica,,,E 6795,136.61,20.33,13.31,7.14,5.29,21.32,11.86,10.59,,,Rancho La Brea,L,imm (prox part spongy),,Measurements probably OK,No spur,Male by size?
californica,,,E 5058,134.97,19.94,13.57,7.95,5.53,21.94,11.43,10.47,,,Rancho La Brea,L,imm (prox part spongy),,Measurements probably OK,No spur,Male by size?
californica,,,E 7449,139.1,22.1,14.25,7.55,5.06,22.84,12.84,11.14,,,Rancho La Brea,L,imm (prox part spongy),,Measurements probably OK,No spur,Male by size?
californica,,,E 5193,138.05,21.77,13.43,8.29,5.81,22.04,12.11,10.88,,,Rancho La Brea,L,adult,,,Spur may be broken off because a part of shaft is missing,
californica,,,E 7314,138.86,,12.3,8.07,5.27,21.72,11.03,10.49,,,Rancho La Brea,L,imm?,,Measurements probably OK,,
californica,,,E 6722,138.46,21.54,13.73,8.54,5.58,22.28,12.87,11.06,,,Rancho La Brea,L,imm?,,Measurements probably OK,No spur,
californica,,,E 5764,139.76,22.3,14.08,8.57,5.71,22.87,12.58,10.8,,,Rancho La Brea,L,adult,,,,
californica,,,E 7698,118.75,19.26,12.49,7.53,5.26,19.44,10.77,9.62,,,Rancho La Brea,L,adult,,,,
californica,,,E 6577,112.64,17.61,10.97,6.55,4.73,18.49,9.58,8.37,,,Rancho La Brea,L,adult,,,,
californica,,,E 7217,116.33,18.59,11.99,6.93,5.02,18.49,10.59,9.34,,,Rancho La Brea,L,adult,,,,
californica,,,E 7414,110.96,17.86,10.95,6.7,4.53,17.67,9.94,8.59,,,Rancho La Brea,L,adult,,,,
californica,,,E 5765,118.17,19.3,11.59,7.26,4.91,19.6,10.89,9.64,,,Rancho La Brea,L,adult,,,,
californica,,,E 8523,117.92,19.28,11.49,7.37,5.09,19.33,10.49,9.39,,,Rancho La Brea,L,adult,,,,
californica,,,G 6017,119.25,19.1,11.83,6.96,4.93,18.65,10.47,8.94,,,Rancho La Brea,L,adult,,,,
californica,,,E 8256,119.22,,11.7,7.04,5.16,20.07,10.21,9.14,,,Rancho La Brea,L,adult,,,,
californica,,,E 5657,112.64,19.81,11.65,7.35,5.19,19.33,10.9,9.71,,,Rancho La Brea,L,adult,,,,
californica,,,E 5950,116.51,,11.48,6.53,4.51,18.3,10.21,9.24,,,Rancho La Brea,L,adult,,,,
californica,,,E 5794,113.3,17.74,10.81,6.52,4.82,18.44,10.77,9.15,,,Rancho La Brea,L,adult,,,,
californica,,,E 7300,111.65,18.21,11.08,6.61,4.6,17.73,10.45,9.12,,,Rancho La Brea,L,adult,,,,
californica,,,E 7696,121.35,19.22,,7.39,4.94,19.85,9.98,9.95,,,Rancho La Brea,L,adult,,,,
californica,,,E 6800,118.49,18.09,11.07,7.03,4.37,17.2,10.04,,,,Rancho La Brea,L,adult,,,,
californica,,,E 5374,114.87,18.53,11.73,7.48,4.74,19.18,10.44,9.32,,,Rancho La Brea,L,adult,,,,
californica,,,E 6807,112.82,18.08,11.85,6.8,4.79,18.44,10.77,9.54,,,Rancho La Brea,L,adult,,,,
californica,,,G 5999,118.28,18.47,11.48,7.13,5.02,19.42,10.52,8.83,,,Rancho La Brea,L,adult,,,,
californica,,,E 5634,111.24,,10.78,6.76,4.42,18.48,9.92,8.64,,,Rancho La Brea,L,adult,,,,
californica,,,E 6933,115.73,19.4,12.33,7.52,4.9,19.4,10.96,9.77,,,Rancho La Brea,L,adult,,,,
californica,,,E 8359,109.94,17.92,11.31,6.92,4.65,18.25,9.77,8.86,,,Rancho La Brea,L,adult,,,,
californica,,,E 6654,122.4,18.71,11.4,7.18,5.29,19.36,10.35,9.5,,,Rancho La Brea,L,adult,,,,
californica,,,E 8577,115.78,18.34,11.69,7.31,5.04,18.2,10.76,9.34,,,Rancho La Brea,L,adult,,,,
californica,,,E 6846,120.63,17.27,10.79,7.32,4.72,18.12,10.06,8.98,,,Rancho La Brea,L,adult,,,,
californica,,,E 7919,120.74,18.71,11.94,7.7,5.35,,,9.46,,,Rancho La Brea,L,adult,,,,
californica,,,E 5330,111.62,17.49,11.36,6.5,4.54,17.87,9.91,8.55,,,Rancho La Brea,L,adult,,,,
californica,,,E 8366,116.94,18.69,12.02,7.23,5.02,19.5,10.1,9.37,,,Rancho La Brea,L,adult,,,,
californica,,,E 5791,119.21,18.46,11.49,7.1,4.97,18.51,10.14,9.22,,,Rancho La Brea,L,adult,,,,
californica,,,E 6473,110.59,18.63,11.75,7.21,4.86,17.95,9.69,8.83,,,Rancho La Brea,L,adult,,,,
californica,,,E 6777,113.63,,11.15,6.72,4.21,17.63,10.13,8.94,,,Rancho La Brea,L,adult,,,,
californica,,,E 6696,117.75,18.04,11.42,7.18,4.9,18.12,10.14,9.17,,,Rancho La Brea,L,adult,,,,
californica,,,E 6200,114.86,17.64,11.13,7.15,4.86,18.88,10.77,9.45,,,Rancho La Brea,L,adult,,,,
californica,,,E 8123,110.19,,10.58,6.62,4.63,17.56,9.52,8.66,,,Rancho La Brea,L,adult,,,,
californica,,,E 6152,114.55,,10.99,6.41,4.54,18.91,9.87,9,,,Rancho La Brea,L,imm (prox part spongy),,Measurements probably OK,No spur,
californica,,,G 6280,111.61,18.32,11.11,6.88,5.05,18.3,9.82,9.27,,,Rancho La Brea,L,adult,,,,
californica,,,E 6084,116.46,18.19,11.67,6.9,4.73,18.57,10.56,9.07,,,Rancho La Brea,L,adult,,,,
californica,,,E 6798,118.58,19.01,12.09,7.08,4.93,19.12,10.82,9.27,,,Rancho La Brea,L,adult,,,,
californica,,,E 6645,114.66,17.74,10.36,6.98,4.8,18.31,10.21,8.94,,,Rancho La Brea,L,adult,,,,
californica,,,E 5972,111.8,18.8,11.14,6.23,4.67,18.23,9.95,8.77,,,Rancho La Brea,L,adult,,,,
californica,,,K 3092,120.34,18.36,11.84,6.68,4.54,19.25,9.67,9.53,,,Rancho La Brea,L,adult,,,,
californica,,,E 7058,115,18.19,11.06,7.13,4.86,,,9.1,,,Rancho La Brea,L,imm (prox part spongy),,Measurements probably OK,No spur,
californica,,,E 8494,117.31,19.49,11.83,7.35,4.7,19.68,10.06,9.48,,,Rancho La Brea,L,imm (prox part spongy),,Measurements probably OK,No spur,
californica,,,E 7744,115.64,18.34,11.2,7.26,4.66,19.44,10.21,9.03,,,Rancho La Brea,L,imm (prox part spongy),,Measurements probably OK,No spur,
californica,,,E 6516,112.43,17.08,10.61,6.24,4.37,18.04,9.56,8.57,,,Rancho La Brea,L,imm (prox part spongy),,Measurements probably OK,No spur,
californica,,,E 8242,114.01,18.03,10.74,6.87,4.76,18.52,10.38,,,,Rancho La Brea,L,imm?,,Measurements OK,,
californica,,,E 7453,112.91,17.87,11.41,6.7,4.52,18.4,9.92,8.73,,,Rancho La Brea,L,imm (prox part spongy),,Measurements probably OK,No spur,
californica,,,E 7125,118.86,17.89,11.21,,4.42,17.81,9.64,8.79,,,Rancho La Brea,L,imm (prox part spongy),,Measurements probably OK,No spur,
californica,,,E 8514,114.27,17.77,10.91,6.85,4.41,,,9.12,,,Rancho La Brea,L,imm (prox part spongy),,Measurements probably OK,No spur,
californica,,,E 7976,116.41,,10.83,6.66,4.7,19.24,10.15,9.25,,,Rancho La Brea,L,adult,,,,
californica,,,E 7307,113.65,17.25,10.58,6.46,4.36,18.11,9.37,8.82,,,Rancho La Brea,L,imm (prox part spongy),,Measurements probably OK,No spur,
californica,,,E 7844,120.94,18.42,,7.17,4.67,19.77,,9.06,,,Rancho La Brea,L,adult,,,,
californica,,,E 8338,114.83,18.02,11.03,6.5,4.36,19.1,10.06,9.08,,,Rancho La Brea,L,imm (prox part spongy),,Measurements probably OK,No spur,
californica,,,E 6971,116.27,17.54,11.12,6.63,4.63,18.15,10.78,9.21,,,Rancho La Brea,L,imm (prox part spongy),,Measurements probably OK,No spur,
californica,,,E 7778,119.35,18.75,,6.93,4.68,18.84,10.24,9.12,,,Rancho La Brea,L,imm (prox part spongy),,Measurements probably OK,No spur,
californica,,,E 5900,118.07,17.8,11.17,6.93,4.47,19.67,10.68,9.44,,,Rancho La Brea,L,imm (prox part spongy),,Measurements probably OK,No spur,
californica,,,E 5428,113.97,17.58,11.52,6.98,4.66,18.33,10.11,9.13,,,Rancho La Brea,L,adult,,,,
californica,,,E 7148,120.91,18.7,11.59,7.36,4.74,18.73,10.3,9.43,,,Rancho La Brea,L,adult,,,,
californica,,,E 6895,112.3,17.98,11.36,6.8,4.47,19.04,10.2,9.26,,,Rancho La Brea,L,adult,,,,
californica,,,E 7898,120.29,19.44,11.87,7.17,4.89,19.26,10.97,9.96,,,Rancho La Brea,L,adult,,,,
californica,,,E 6587,114.89,,10.9,6.45,4.16,18.14,10.14,8.82,,,Rancho La Brea,L,imm (prox part spongy),,Measurements probably OK,No spur,
californica,,,E 6034,115.03,18.35,11.89,6.64,4.68,18.08,10.86,9.27,,,Rancho La Brea,L,imm (prox part spongy),,Measurements probably OK,No spur,
californica,,,E 6664,114.46,18.28,11.79,6.51,4.71,17.46,10.35,8.66,,,Rancho La Brea,L,adult,,,,
californica,,,E 7138,107.45,17.52,10.92,6.32,4.57,17.3,9.46,8.93,,,Rancho La Brea,L,adult,,,,
californica,,,E 8158,112.87,18.31,11.37,6.5,4.44,18.93,10.49,9.22,,,Rancho La Brea,L,imm (prox part spongy),,Measurements probably OK,No spur,
californica,,,C 9153,117.59,,10.87,,4.34,18.03,10.59,9.2,,,Rancho La Brea,L,imm (prox part spongy),,Measurements probably OK,No spur,
californica,,,E 6866,111.94,,10.7,6.46,4.58,18.59,10.88,9.08,,,Rancho La Brea,L,imm (prox part spongy),,Measurements probably OK,No spur,
californica,,,E 7712,111.85,,10.52,6.9,4.57,18.93,10.23,9,,,Rancho La Brea,L,adult,,,,
californica,,,E 6824,120.82,18.64,12.16,6.89,4.71,18.74,10.26,9.88,,,Rancho La Brea,L,adult,,,,
californica,,,E 7434,113.11,,,6.82,4.75,18.99,10.67,9.44,,,Rancho La Brea,L,adult,,,,
californica,,,E 7251,124.33,19.63,12.54,7.73,5.3,20.03,11.84,9.93,,,Rancho La Brea,L,adult,,,,
californica,,,E 5905,116.48,17.73,11.68,7.35,4.86,18.74,10.35,8.97,,,Rancho La Brea,L,adult,,,,
californica,,,G 6016,122.48,18.24,11.71,6.98,4.7,18.19,10.53,9.04,,,Rancho La Brea,L,adult,,,,
californica,,,E 8524,114.06,17.6,11.41,7.2,4.75,,,9.33,,,Rancho La Brea,L,adult,,,,
californica,,,E 7185,117.67,19.06,11.59,7.02,5.05,18.82,10,9.75,,,Rancho La Brea,L,adult,,,,
californica,,,E 6581,119.41,17.82,11.55,7.04,4.77,18.92,10.46,9.41,,,Rancho La Brea,L,adult,,,,
californica,,,E 6707,117.94,18.43,10.91,6.88,4.53,18.7,10.16,9.09,,,Rancho La Brea,L,adult,,,,
californica,,,E 7869,115.2,18.51,12.02,6.92,5.15,,,9.77,,,Rancho La Brea,L,adult,,,,
californica,,,E 7536,119.07,18.47,11.52,6.97,4.87,,,8.31,,,Rancho La Brea,L,adult,,,,
californica,,,E 6165,108.1,17.1,10.47,6.26,4.47,17.13,9.33,8.2,,,Rancho La Brea,L,imm?,,Measurements OK,,
californica,,,E 8086,,19.66,11.57,7.09,4.86,,,,,,Rancho La Brea,L,adult,,,,
californica,,,E 7870,125.8,,11.12,7.93,5.22,,,9.44,,,Rancho La Brea,L,adult,,,,
californica,,,E 7438,,17.95,11.29,6.73,4.64,,,,,,Rancho La Brea,L,imm?,,Measurements OK,,
californica,,,E 5782,,18.89,11.47,7.19,4.84,,,,,,Rancho La Brea,L,adult,,,,
californica,,,K 935,116.01,18.24,11.88,7.07,4.78,,,9,,,Rancho La Brea,L,adult,,,,
californica,,,G 5982,116.8,19.3,12.03,7.42,5.06,19.95,10.82,9.67,,,Rancho La Brea,L,adult,,,,
californica,,,E 5884,115.49,18.15,12.24,6.63,4.71,18.54,10.6,9.17,,,Rancho La Brea,L,adult,,,,
californica,,,E 5039,118.68,17.91,11.35,7.64,4.78,18.51,9.75,,,,Rancho La Brea,L,adult,,,,
californica,,,G 6210,,18.91,11.52,,,,,,,,Rancho La Brea,R,adult,,,,
californica,,,G 5946,,18.15,11.63,,,,,,,,Rancho La Brea,R,adult,,,,
californica,,,E 6222,,17.53,10.79,,,,,,,,Rancho La Brea,R,adult,,,,
californica,,,G 6270,,18.61,11.27,,,,,,,,Rancho La Brea,R,adult,,,,
californica,,,G 6189,,22.45,14.38,,,,,,,,Rancho La Brea,R,imm (prox part spongy),,Measurements probably OK,,
californica,,,G 5955,,21.65,13.94,,,,,,,,Rancho La Brea,R,adult,,,,
californica,,,E 8573,,18.27,11.19,,,,,,,,Rancho La Brea,R,adult,,,,
californica,,,E 7484,,18.87,12,,,,,,,,Rancho La Brea,R,adult,,,,
californica,,,E 7262,,,10.54,,,,,,,,Rancho La Brea,R,adult,,,,
californica,,,E 8418,,22.41,13.83,,,,,,,,Rancho La Brea,R,adult,,,,
californica,,,K 745,,17.95,10.85,,,,,,,,Rancho La Brea,R,adult,,,,
californica,,,G 5985,,18.32,,,,,,,,,Rancho La Brea,R,adult,,,,
californica,,,G 5987,,18.24,11.28,,,,,,,,Rancho La Brea,R,adult,,,,
californica,,,G 5953,,20.63,12.72,,,,,,,,Rancho La Brea,R,adult,,,,
californica,,,G 6083,,17.87,10.58,,,,,,,,Rancho La Brea,R,adult,,,,
californica,,,E 5721,,18.78,11.24,,,,,,,,Rancho La Brea,R,adult,,,,
californica,,,G 5922,,18.31,11.7,,,,,,,,Rancho La Brea,R,adult,,,,
californica,,,E 7571,,18.11,11.63,6.92,,,,,,,Rancho La Brea,R,adult,,,,
californica,,,E 7617,,22.27,13.51,,,,,,,,Rancho La Brea,R,adult,,,,
californica,,,E 7409,,16.93,11.34,,,,,,,,Rancho La Brea,R,adult,,,,
californica,,,E 8557,,18.94,11.95,,,,,,,,Rancho La Brea,R,adult,,,,
californica,,,G 5940,,20.78,12.71,,,,,,,,Rancho La Brea,R,adult,,,,
californica,,,E 5129,,18.92,12.37,,,,,,,,Rancho La Brea,R,adult,,,,
californica,,,E 7684,,18.19,11.59,,,,,,,,Rancho La Brea,R,adult,,,,
californica,,,E 7302,,18.38,11.31,,,,,,,,Rancho La Brea,R,adult,,,,
californica,,,E 7249,,18.49,11.47,,,,,,,,Rancho La Brea,R,adult,,,,
californica,,,G 6192,,22.16,13.75,,,,,,,,Rancho La Brea,R,adult,,,,
californica,,,G 5988,,22.83,14.09,9.13,,,,,,18.28,Rancho La Brea,R,adult,,,spur fully developed,
californica,,,E 6245,,22.02,13.8,,,,,,,,Rancho La Brea,R,adult,,,,
californica,,,G 5983,,20.19,13.04,,,,,,,,Rancho La Brea,R,adult,,,,
californica,,,G 5899,,20.99,13.55,,,,,,,19.01,Rancho La Brea,R,adult,,,spur fully developed,
californica,,,E 6733,,17.84,11.32,7.19,,,,,,,Rancho La Brea,R,adult,,,,
californica,,,G 6251,,,12.99,,,,,,,,Rancho La Brea,R,adult,,,,
californica,,,E 8161,,20.42,12.77,,,,,,,,Rancho La Brea,R,adult,,,,
californica,,,E 6046,,18.63,11.46,7.43,4.79,,,,,,Rancho La Brea,R,adult,,,,
californica,,,E 6829,,17.87,11.38,7.23,,,,,,,Rancho La Brea,R,adult,,,,
californica,,,E 7158,,18.48,11.34,7.25,,,,,,,Rancho La Brea,R,adult,,,,
californica,,,E 8265,,,11.19,,,,,,,,Rancho La Brea,R,adult,,,,
californica,,,E 5577,,22.39,13.96,8.35,,,,,,,Rancho La Brea,R,adult,,,,
californica,,,E 8349,,18.04,11.86,7.04,,,,,,,Rancho La Brea,R,adult,,,,
californica,,,E 6223,,20.09,12.95,,,,,,,,Rancho La Brea,R,adult,,,,
californica,,,E 6956,,21.33,12.78,,,,,,,,Rancho La Brea,R,adult,,,,
californica,,,E 5785,,,12.23,,,,,,,,Rancho La Brea,R,adult,,,,
californica,,,E 8092,,22.56,13.78,,,,,,,,Rancho La Brea,R,adult,,,,
californica,,,E 8382,,18.36,11.59,6.91,,,,,,,Rancho La Brea,R,adult,,,,
californica,,,E 8531,,18.01,10.89,,,,,,,,Rancho La Brea,R,adult,,,,
californica,,,G 5929,,20.24,12.79,,,,,,,,Rancho La Brea,R,adult,,,,
californica,,,G 5948,,20.15,13.13,,,,,,,,Rancho La Brea,R,adult,,,,
californica,,,E 7017,,17.61,11.33,6.96,,,,,,,Rancho La Brea,R,adult,,,,
californica,,,G 6277,,17.38,,,,,,,,,Rancho La Brea,R,adult,,,,
californica,,,E 5504,,22.21,14.1,,,,,,,,Rancho La Brea,R,imm (prox part spongy),,Measurements probably OK,,
californica,,,E 7033,,19.07,12.11,,,,,,,,Rancho La Brea,R,imm (prox part spongy),,Measurements probably OK,,
californica,,,G 5950,,17.81,10.91,,,,,,,,Rancho La Brea,R,adult,,,,
californica,,,G 6260,,20.36,12.63,,,,,,,,Rancho La Brea,R,adult,,,,
californica,,,E 5045,,18.81,12.04,,,,,,,,Rancho La Brea,R,adult,,,,
californica,,,E 5515,,22.17,14.21,,,,,,,,imm (prox part spongy),,Measurements probably OK,,,,
californica,,,G 5920,,21.38,13.55,,,,,,,,Rancho La Brea,R,adult,,,,
californica,,,E 6760,,19.22,11.92,7.16,5.09,,,,,,Rancho La Brea,R,adult,,,,
californica,,,E 5781,,18.89,11.77,7.51,4.93,,,,,,Rancho La Brea,R,adult,,,,
californica,,,G 6163,,18.43,11.58,,,,,,,,Rancho La Brea,R,adult,,,,
californica,,,E 7153,,18.49,11.79,6.57,,,,,,,Rancho La Brea,R,adult,,,,
californica,,,G 6208,,21.04,12.4,,,,,,,,Rancho La Brea,R,adult,,,,
californica,,,G 6118,,17.68,11.58,,,,,,,,Rancho La Brea,R,adult,,,,
californica,,,K 733,,21.36,13.19,,,,,,,,Rancho La Brea,R,adult,,,,
californica,,,E 5897,,22.55,13.84,9.08,,,,,,16.42,Rancho La Brea,R,adult,,,spur spongy,
californica,,,E 5622,,23.6,14.03,8.45,,,,,,18.46,Rancho La Brea,R,adult,,,spur fully developed,
californica,,,G 6214,,20.21,11.92,,,,,,,15.65,Rancho La Brea,R,adult,,,spur fully developed,
californica,,,G 5932,,21.59,13.95,,,,,,,13.33,Rancho La Brea,R,adult,,,spur probably fully developed but a little rough surface; top broken off,
californica,,,G 5933,,20.05,13.16,,,,,,,12.03,Rancho La Brea,R,adult,,,top of spur broken off,
californica,,,G 5951,,22.75,13.49,,,,,,,14.78,Rancho La Brea,R,adult,,,spur probably fully developed but a little rough surface,
californica,,,E 6453,,23.5,14.43,,,,,,,13.97,Rancho La Brea,R,adult,,,spur spongy,
californica,,,G 6245,,21.27,13.51,8.93,,,,,,17.08,Rancho La Brea,R,adult,,,spur fully developed,
californica,,,G 6215,,22.53,14.04,,,,,,,,Rancho La Brea,R,adult,,,,
californica,,,K 764,,22.02,13.14,,,,,,,,Rancho La Brea,R,adult,,,spur broken off,
californica,,,E 8155,,22.69,14.47,,,,,,,,Rancho La Brea,R,adult,,,spur=little bump,
californica,,,E 5094,,21.87,13.76,,,,,,,,Rancho La Brea,R,adult,,,spur=little bump,
californica,,,G 6190,,22.24,14.19,9.17,,,,,,11.43,Rancho La Brea,R,adult,,,spur broken off,
californica,,,G 6268,,20.46,12.77,8.2,,,,,,,Rancho La Brea,R,adult,,,spur=little bump,
californica,,,E 5436,,20.64,13.17,7.89,,,,,,16.79,Rancho La Brea,R,adult,,,spur fully developed,
californica,,,G 5934,,22.05,14.19,,,,,,,13.98,Rancho La Brea,R,adult,,,spur probably fully developed but a little rough surface,
californica,,,E 8596,,21.1,12.85,8,,,,,,15.3,Rancho La Brea,R,adult,,,spur probably fully developed but a little rough surface,
californica,,,G 5995,,,13.8,8.59,,,,,,17.3,Rancho La Brea,R,adult,,,spur probably fully developed but a little rough surface,
californica,,,E 7172,,22.96,14.09,,,,,,,19.42,Rancho La Brea,R,adult,,,spur fully developed,
californica,,,G 6175,,21.28,,,,,,,,21.79,Rancho La Brea,R,adult,,,spur fully developed,
californica,,,G 5931,,20.82,12.71,,,,,,,17.75,Rancho La Brea,R,adult,,,spur fully developed,
californica,,,G 6209,,21.84,13,,,,,,,13,Rancho La Brea,R,adult,,,top of spur broken off,
californica,,,E 8193,,22.75,13.83,8.78,,,,,,17.03,Rancho La Brea,R,adult,,,spur fully developed; top broken off,
californica,,,E 5438,,22.49,14.19,7.69,,,,,,,Rancho La Brea,R,imm?,,Measurements OK,,
californica,,,G 6042,,21.64,13.67,8.5,,,,,,13.95,Rancho La Brea,R,adult,,,spur fully developed; top broken off,
californica,,,E 8205,,22.67,13.85,8.69,,,,,,21.45,Rancho La Brea,R,adult,,,spur fully developed,
californica,,,G 6011,,21.56,13.61,,,,,,,14.49,Rancho La Brea,R,adult,,,spur spongy,
californica,,,E 7377,,21.14,13.27,,,,,,,18.39,Rancho La Brea,R,adult,,,spur fully developed,
californica,,,E 6476,,20.19,13.24,,,,,,,15.96,Rancho La Brea,R,adult,,,spur fully developed,
californica,,,E 8450,,22.61,14.13,8.85,,,,,,16.17,Rancho La Brea,R,adult,,,spur fully developed,
californica,,,E 7968,,21.55,14.01,8.47,,,,,,,Rancho La Brea,R,adult,,,spur broken off,
californica,,,E 7808,,22.88,14.74,9.36,,,,,,,Rancho La Brea,R,adult,,,top of spur broken off,
californica,,,G 5903,,21.81,13.27,,,,,,,21.65,Rancho La Brea,R,adult,,,spur fully developed,
californica,,,G 6178,,18.12,11.48,,,,,,,,Rancho La Brea,R,adult,,,,
californica,,,G 6248,,21.73,13.57,,,,,,,,Rancho La Brea,R,adult,,,,
californica,,,E 8213,,18.1,11.35,7.08,,,,,,,Rancho La Brea,R,adult,,,,
californica,,,G 6218,,17.78,11.45,,,,,,,,Rancho La Brea,R,adult,,,,
californica,,,G 6426,,17.82,11.49,,,,,,,,Rancho La Brea,R,adult,,,,
californica,,,G 6145,,17.74,11.26,,,,,,,,Rancho La Brea,R,adult,,,,
californica,,,E 7155,,22.08,13.6,,,,,,,,Rancho La Brea,R,adult,,,,
californica,,,E 7803,,20.7,12.77,,,,,,,,Rancho La Brea,R,adult,,,,
californica,,,E 7016,,17.27,10.55,,,,,,,,Rancho La Brea,R,adult,,,,
californica,,,E 7140,,18.03,10.99,6.6,,,,,,,Rancho La Brea,R,adult,,,,
californica,,,E 7435,,20.87,13.69,,,,,,,,Rancho La Brea,R,adult,,,,
californica,,,E 8141,,22.78,14.74,,,,,,,,Rancho La Brea,R,adult,,,,
californica,,,E 7576,,21.62,14,,,,,,,,Rancho La Brea,R,adult,,,,
californica,,,G 6075,,18.43,11.13,,,,,,,,Rancho La Brea,R,adult,,,,
californica,,,G 6255,,18.14,11.34,,,,,,,,Rancho La Brea,R,adult,,,,
californica,,,E 7199,,21.02,13.84,,,,,,,,Rancho La Brea,R,imm?,,Measurements OK,,
californica,,,E 8204,,18.33,11.39,7.02,,,,,,,Rancho La Brea,R,adult,,,,
californica,,,E 7384,,18.39,11.13,,,,,,,,Rancho La Brea,R,adult,,,,
californica,,,D 9840,,23.01,13.34,,,,,,,,Rancho La Brea,R,adult,,,,
californica,,,E 7891,,18.38,11.79,,,,,,,,Rancho La Brea,R,adult,,,,
californica,,,E 7587,,22.72,14.01,,,,,,,,Rancho La Brea,R,adult,,,,
californica,,,E 8659,,18.42,11.71,,,,,,,,Rancho La Brea,R,adult,,,,
californica,,,E 5143,,23.53,14.39,,,,,,,,Rancho La Brea,R,adult,,,,
californica,,,E 8395,,19.02,11.84,,,,,,,,Rancho La Brea,R,adult,,,,
californica,,,G 6030,,19.31,12.13,,,,,,,,Rancho La Brea,R,adult,,,,
californica,,,E 8080,,21.98,13.51,,,,,,,,Rancho La Brea,R,adult,,,,
californica,,,G 6002,,17.76,11.27,,,,,,,,Rancho La Brea,R,adult,,,,
californica,,,G 6124,,19.58,13.46,,,,,,,,Rancho La Brea,R,adult,,,,
californica,,,G 5976,,17.94,11.66,,,,,,,,Rancho La Brea,R,adult,,,,
californica,,,G 6107,,20.85,13.32,,,,,,,,Rancho La Brea,R,adult,,,,
californica,,,E 8171,,22.88,14.7,,,,,,,,Rancho La Brea,R,adult,,,,
californica,,,K 6153,,20.69,,,,,,,,17.86,Rancho La Brea,R,adult,,,spur fully developed,
californica,,,K 6185,,21.96,14.79,8.53,,,,,,16.64,Rancho La Brea,R,adult,,,spur fully developed,
californica,,,K 6096,,20.7,13.08,,,,,,,,Rancho La Brea,R,adult,,,,
californica,,,K 6140,,17.14,11.1,,,,,,,,Rancho La Brea,R,adult,,,,
californica,,,K 6093,,,10.79,,,,,,,,Rancho La Brea,R,adult,,,,
californica,,,K 6102,,17.56,11.5,,,,,,,,Rancho La Brea,R,adult,,,,
californica,,,K 6173,,18.59,11.47,,,,,,,,Rancho La Brea,R,adult,,,,
californica,,,K 6084,,22.12,13.69,,,,,,,,Rancho La Brea,R,adult,,,,
californica,,,K 6099,,18.79,11.43,,,,,,,,Rancho La Brea,R,adult,,,,
californica,,,K 6179,,22.2,13.45,,,,,,,,Rancho La Brea,R,adult,,,,
californica,,,K 6155,,21.66,12.75,,,,,,,,Rancho La Brea,R,adult,,,,
californica,,,K 6142,117.58,18.05,11.19,6.93,4.69,,,9.18,,,Rancho La Brea,R,imm?,,Measurements OK,,
californica,,,K 6141,117.21,18.1,11.47,6.66,4.39,17.11,,8.23,,,Rancho La Brea,R,imm (prox part spongy),,Measurements probably OK,,
californica,,,K 6083,115.65,18.06,11.44,7.05,4.83,18.95,9.86,9.03,,,Rancho La Brea,R,adult,,,,
californica,,,K 6139,142.16,21.54,13.91,8.49,5.29,21.5,12.16,10.73,,,Rancho La Brea,R,adult,,,spur broken off?,
californica,,,K 6085,143.72,20.61,13.14,8.32,5.5,21.65,12.42,10.81,,,Rancho La Brea,R,adult,,,spur=little bump,
californica,,,K 6174,,,,,4.97,18.89,10.27,9.49,,,Rancho La Brea,R,adult,,,,
californica,,,K 6181,,,,,4.95,18.27,10.07,9.33,,,Rancho La Brea,R,adult,,,,
californica,,,K 6175,,,,,4.54,18.65,10.25,9.76,,,Rancho La Brea,R,adult,,,,
californica,,,K 6160,,,,,5.84,23.22,12.35,11.25,,,Rancho La Brea,R,adult,,,,
californica,,,K 6090,,,,,4.75,19.18,10.4,9.53,,,Rancho La Brea,R,adult,,,,
californica,,,K 6172,,,,,4.61,18.77,10.2,9.42,,,Rancho La Brea,R,adult,,,,
californica,,,K 6159,,,,,4.92,18.33,9.86,8.93,,,Rancho La Brea,R,adult,,,,
californica,,,K 6088,,,,,4.97,18.54,10.39,9.11,,,Rancho La Brea,R,adult,,,,
californica,,,K 6109,,,,,5.8,21.55,12,11.02,63.4,13.11,Rancho La Brea,R,adult,,,spur broken off,
californica,,,K 6094,,,,,5.14,22.21,11.28,10.65,,,Rancho La Brea,R,imm?,,Measurements probably OK,,
californica,,,K 6086,,,,,5.54,21.01,12.32,9.85,,,Rancho La Brea,R,adult,,,,
californica,,,K 6082,,,,,5.12,18.59,10.17,9.16,,,Rancho La Brea,R,adult,,,,
californica,,,K 6103,,,,,4.66,17.44,9.84,8.92,,,Rancho La Brea,R,imm?,,Measurements probably OK,,
californica,,,K 6104,,,,,5.72,22.06,11.88,10.91,,,Rancho La Brea,R,adult,,,spur=little bump,
californica,,,K 6144,,,,,4.83,18.41,,,,,Rancho La Brea,R,adult,,,,
californica,,,K 6092,,,,,5.48,21.81,12.85,10.61,,,Rancho La Brea,R,adult,,,,
californica,,,K 6143,,,,,5.27,20.64,11.6,10.6,,,Rancho La Brea,R,adult,,,spur=little bump,
californica,,,K 6110,,,,,4.79,19.9,10.9,10.21,66.45,11.56,Rancho La Brea,R,adult,,,spur spongy,
californica,,,G 6230,,,,,4.61,18.15,9.75,9.09,,,Rancho La Brea,R,adult,,,,
californica,,,K 734,,,,,4.58,19.51,10.37,9.16,,,Rancho La Brea,R,imm?,,Measurements probably OK,,
californica,,,K 764,,,,,5.74,23.14,12.21,10.54,67.06,16.9,Rancho La Brea,R,adult,,,spur probably fully developed but a little rough surface,
californica,,,G 6279,,,,,5.83,23.16,12.89,11.43,,,Rancho La Brea,R,adult,,,,
californica,,,K 769,,,,,5.3,19.39,10.52,9.69,,,Rancho La Brea,R,adult,,,,
californica,,,G 6166,,,,,6.06,23.26,12.41,11.14,,,Rancho La Brea,R,adult,,,,
californica,,,K 767,,,,,4.63,18.22,9.74,8.77,,,Rancho La Brea,R,adult,,,,
californica,,,G 6246,,,,,4.61,18.96,9.54,8.99,,,Rancho La Brea,R,adult,,,,
californica,,,E 7269,,,,,4.61,19.19,9.98,8.84,,,Rancho La Brea,R,adult,,,,
californica,,,K 774,,,,,5.77,21.87,11.82,10.48,63.88,23.71,Rancho La Brea,R,adult,,,spur fully developed,
californica,,,G 6263,,,,,4.61,18.7,10.42,9.35,,,Rancho La Brea,R,adult,,,,
californica,,,E 8616,,,,8.62,5.44,22.23,12.09,10.63,62.53,20.9,Rancho La Brea,R,adult,,,spur fully developed,
californica,,,E 8192,,,,8.22,5.61,22.15,12.35,11.11,66.58,,Rancho La Brea,R,adult,,,top of spur broken off,
californica,,,G 6232,,,,8.27,5.72,23.14,13.15,11.45,67.58,15.35,Rancho La Brea,R,adult,,,spur fully developed,
californica,,,G 5897,,,,,6.07,22,12,10.78,63.07,20.76,Rancho La Brea,R,adult,,,spur fully developed,
californica,,,E 8078,,,,8.78,5.6,22.71,12.22,10.94,62.46,22.5,Rancho La Brea,R,adult,,,spur fully developed,
californica,,,E 5408,,,,8.28,5.69,22.41,12.16,11.36,71.83,,Rancho La Brea,R,adult,,,spur=little bump,
californica,,,G 5898,,,,8.46,5.57,22.15,12.18,10.81,64.58,17.48,Rancho La Brea,R,adult,,,spur fully developed,
californica,,,E 8050,,,,8.76,5.74,22.34,11.65,10.51,63.17,14.26,Rancho La Brea,R,adult,,,top of spur broken off,
californica,,,G 6185,,,,8.19,5.5,21.82,11.03,,66.02,14.88,Rancho La Brea,R,adult,,,spur probably fully developed but a little rough surface,
californica,,,G 6249,,,,7.97,5.51,23.25,,10.67,,,Rancho La Brea,R,adult,,,spur=little bump,
californica,,,G 6196,,,,7.65,5.33,22.6,,10.36,,14.94,Rancho La Brea,R,adult,,,spur probably fully developed but a little rough surface,
californica,,,E 7592,,,,8.84,5.73,22.88,13.05,11.11,63.98,19.6,Rancho La Brea,R,adult,,,spur fully developed,
californica,,,G 6182,,,,8.17,5.61,21.88,12.07,10.82,62.87,17.47,Rancho La Brea,R,adult,,,spur fully developed,
californica,,,E 8010,,,,9.42,6.19,24.32,12.57,11.69,70.15,24.05,Rancho La Brea,R,adult,,,spur fully developed,
californica,,,E 7340,,,,8.57,5.65,22.86,11.75,10.94,64.49,19.32,Rancho La Brea,R,adult,,,spur fully developed,
californica,,,G 6223,,,,8.01,5.31,21.28,11.56,9.94,62.23,18.71,Rancho La Brea,R,adult,,,spur probably fully developed but a little rough surface,
californica,,,E 8159,,,,9.1,6.43,22.8,12.6,11.13,64.85,,Rancho La Brea,R,adult,,,spur broken off,
californica,,,K 1129,,,,7.77,5.22,19.93,,9.96,68.46,,Rancho La Brea,R,adult,,,spur broken off,
californica,,,E 7313,,,,8.56,5.7,21.6,12.59,10.68,63.76,15.46,Rancho La Brea,R,adult,,,spur probably fully developed but a little rough surface,
californica,,,E 7857,,,,7.92,5.48,21.45,12.06,10.5,63.65,20.85,Rancho La Brea,R,adult,,,spur fully developed,
californica,,,E 8081,,,,8.08,5.53,21.6,12.32,10.7,,,Rancho La Brea,R,adult,,,spur=little bump,
californica,,,E 5618,,,,8.64,5.72,22.86,12.4,10.69,65.35,20.16,Rancho La Brea,R,adult,,,spur fully developed,
californica,,,E 8591,,,,8.04,5.56,21.43,11.8,10.37,66.5,16.63,Rancho La Brea,R,adult,,,spur probably fully developed but a little rough surface,
californica,,,G 6278,,,,7.94,5.59,21.22,11.27,10.32,59.2,,Rancho La Brea,R,adult,,,spur=little bump,
californica,,,E 8580,,,,8.03,5.31,21.89,11.65,10.84,63.79,,Rancho La Brea,R,adult,,,spur=little bump,
californica,,,E 6120,,,,,5.22,22.88,11.14,10.88,,,Rancho La Brea,R,adult,,,,
californica,,,E 8447,,,,8.28,5.89,22.51,11.6,10.52,61.69,20.23,Rancho La Brea,R,adult,,,spur fully developed,
californica,,,E 8118,,,,7.17,4.52,18.57,10.45,9.34,,,Rancho La Brea,R,imm?,,Measurements OK,,
californica,,,E 5496,,,,8.72,5.84,23.44,12.88,11.17,70.79,17.24,Rancho La Brea,R,adult,,,top of spur broken off,
californica,,,E 5614,,,,8.7,5.76,22.92,12.65,11.1,66.31,16.18,Rancho La Brea,R,adult,,,spur probably fully developed but a little rough surface,
californica,,,E 8372,,,,8.85,5.88,22.71,13.11,10.97,63.61,13.76,Rancho La Brea,R,adult,,,spur spongy,
californica,,,G 5975,,,,8.32,6.03,23.2,12.2,11.2,63.07,15.05,Rancho La Brea,R,adult,,,spur spongy,
californica,,,E 8532,,,,8.87,5.67,21.93,,,63.14,,Rancho La Brea,R,adult,,,spur=little bump,
californica,,,E 8516,,,,9.44,5.89,23.85,13.47,11.27,62.57,22.1,Rancho La Brea,R,adult,,,spur fully developed,
californica,,,E 7370,,,,8.9,5.9,22.02,11.77,10.54,61.67,18.79,Rancho La Brea,R,adult,,,spur fully developed,
californica,,,G 6258,,,,8.21,5.34,22.56,11.87,11.45,62.41,15.36,Rancho La Brea,R,adult,,,spur spongy,
californica,,,G 6188,,,,9.24,5.95,22.24,12.55,10.86,64.14,21.55,Rancho La Brea,R,adult,,,spur fully developed,
californica,,,G 6113,,,,7.19,4.95,18.44,10.37,8.82,,,Rancho La Brea,R,adult,,,,
californica,,,E 7389,,,,7.13,4.9,18.45,9.87,8.74,,,Rancho La Brea,R,adult,,,,
californica,,,E 7301,,,,6.71,4.77,18.71,10.46,8.9,,,Rancho La Brea,R,imm?,,Measurements OK,,
californica,,,E 8483,,,,7.46,5.22,19.44,10.97,9.55,,,Rancho La Brea,R,adult,,,,
californica,,,E 7884,,,,7.23,4.77,19.61,10.45,9.6,,,Rancho La Brea,R,adult,,,,
californica,,,G 5969,,,,,4.35,19.12,10.2,9.3,,,Rancho La Brea,R,imm?,,Measurements OK,,
californica,,,E 6734,,,,,5.18,22.13,11.5,10.61,,,Rancho La Brea,R,adult,,,,
californica,,,E 7123,,,,8.63,5.67,23.88,12.77,11.29,,,Rancho La Brea,R,imm?,,Measurements OK,,
californica,,,G 6236,,,,7.86,5.13,21.44,11.7,10.43,,,Rancho La Brea,R,adult,,,,
californica,,,G 6197,,,,,4.39,18.03,9.93,8.97,,,Rancho La Brea,R,imm?,,Measurements OK,,
californica,,,E 5624,,,,7.99,5.16,24.06,12.8,11.8,,,Rancho La Brea,R,imm?,,Measurements OK,,
californica,,,E 8176,,,,,5.82,23,12.9,11.91,,,Rancho La Brea,R,adult,,,,
californica,,,G 6148,,,,7.41,5,19.13,9.6,9.32,,,Rancho La Brea,R,adult,,,,
californica,,,E 8435,,,,,5.09,19.01,10.41,9.5,,,Rancho La Brea,R,adult,,,,
californica,,,E 7380,,,,7.3,4.63,19.26,10.07,9.43,,,Rancho La Brea,R,adult,,,,
californica,,,E 8459,,,,6.66,4.48,18.3,10.22,8.95,,,Rancho La Brea,R,imm?,,Measurements OK,,
californica,,,G 6229,,,,6.56,4.76,18.59,10.63,9.24,,,Rancho La Brea,R,imm?,,Measurements OK,,
californica,,,G 6036,,,,,5.87,22.45,12.16,11.41,,,Rancho La Brea,R,adult,,,,
californica,,,E 8644,,,,,6.19,23.42,12.85,11.46,,,Rancho La Brea,R,adult,,,,
californica,,,E 7823,,,,7.68,5.11,19.27,11.04,9.81,,,Rancho La Brea,R,imm?,,Measurements OK,,
californica,,,G 6078,,,,,4.91,18.2,10.24,9.19,,,Rancho La Brea,R,adult,,,,
californica,,,E 7075,,,,6.52,4.66,17.3,9.35,8.87,,,Rancho La Brea,R,imm?,,Measurements OK,,
californica,,,G 6044,,,,,4.8,19.34,10.56,9.72,,,Rancho La Brea,R,adult,,,,
californica,,,G 6047,,,,,5.56,22.07,12.01,10.64,,,Rancho La Brea,R,adult,,,,
californica,,,G 6264,,,,,5.8,22.34,12.22,11.05,,,Rancho La Brea,R,adult,,,,
californica,,,K 7776,115.82,17.57,11.56,7.22,4.79,18.46,,,,,Rancho La Brea,R,adult,,,,
californica,,,K 7777,114.56,17.3,11.2,,4.61,18.12,9.84,,,,Rancho La Brea,R,adult,,,,
californica,,,K 7778,120.19,18.19,11.28,7.09,4.81,18.7,10.18,8.8,,,Rancho La Brea,R,adult,,,,
californica,,,K 7779,115.69,19.12,10.97,7.21,4.86,18.38,10.01,9.03,,,Rancho La Brea,R,adult,,,,
californica,,,K 7780,139.55,19.29,11.95,8.01,5.29,20.59,10.29,,,,Rancho La Brea,R,imm (prox part spongy),,Measurements probably OK,,
californica,,,K 7781,119.61,17.97,11.4,7.15,4.91,18.1,10.84,9.33,,,Rancho La Brea,R,imm (prox part spongy),,Measurements probably OK,,
californica,,,K 7791,,21.36,13.32,7.88,,,,,,,Rancho La Brea,R,adult,,,spur=little bump,
californica,,,K 7795,,18.89,11.94,,,,,,,,Rancho La Brea,R,adult,,,,
californica,,,K 7793,,17.44,12.16,,,,,,,,Rancho La Brea,R,adult,,,,
californica,,,K 7792,,17.97,11.16,,,,,,,,Rancho La Brea,R,adult,,,,
californica,,,K 7816,,18.77,13.37,,,,,,,13.89,Rancho La Brea,R,adult,,,spur spongy,
californica,,,K 7815,,21.42,14.53,8.35,,,,,,18.29,Rancho La Brea,R,adult,,,spur probably fully developed but a little rough surface,
californica,,,K 7830,,,13.52,,,,,,,,Rancho La Brea,R,adult,,,,
californica,,,K 7831,,21.43,13.61,,,,,,,,Rancho La Brea,R,adult,,,,
californica,,,K 7832,,22.02,13.87,,,,,,,,Rancho La Brea,R,imm?,,Measurements OK,,
californica,,,K 7825,,,,7.4,4.61,18.85,9.92,9.15,,,Rancho La Brea,R,adult,,,,
californica,,,K 7829,,,,6.57,4.46,18.49,10.77,9.45,,,Rancho La Brea,R,imm?,,Measurements OK,,
californica,,,K 7838,,,,8.96,5.89,22.13,12.08,10.98,64.54,19.38,Rancho La Brea,R,adult,,,spur fully developed,
californica,,,K 7839,,,,8.58,5.64,21.63,12.27,10.8,65.08,16.62,Rancho La Brea,R,adult,,,spur probably fully developed but a little rough surface,
californica,,,K 7841,,,,7.01,4.94,18.98,10.24,9.11,,,Rancho La Brea,R,adult,,,,
californica,,,K 7848,,,,6.8,4.86,17.89,10.15,9.05,,,Rancho La Brea,R,adult,,,,
californica,,,K 7849,,,,6.66,4.45,17.62,10.06,8.93,,,Rancho La Brea,R,imm?,,Measurements OK,,
californica,,,K 7850,,,,,5.65,20.04,,10.41,,,Rancho La Brea,R,adult,,,,
californica,,,K 7851,,,,7.4,5.02,18.48,10.48,9.32,,,Rancho La Brea,R,adult,,,,
californica,,,K 7788,113.52,18.74,11.25,6.92,4.97,18.22,9.89,9.25,,,Rancho La Brea,R,adult,,,,
californica,,,K 7774,148.43,24.15,14.18,9.49,6.01,23.25,12.91,11.59,67,13.65,Rancho La Brea,R,adult,,,spur spongy,
californica,,,K 7895,,18.97,11.93,,,,,,,,Rancho La Brea,R,adult,,,,
californica,,,K 7896,,19.12,11.55,,,,,,,,Rancho La Brea,R,adult,,,,
californica,,,K 7897,,17.05,11.39,,,,,,,,Rancho La Brea,R,adult,,,,
californica,,,K 7899,,17.32,10.67,,,,,,,,Rancho La Brea,R,imm?,,Measurements OK,,
californica,,,K 7885,,,,,4.66,18.04,9.71,8.62,,,Rancho La Brea,R,adult,,,,
californica,,,K 7887,,,,,4.5,,,8.44,,,Rancho La Brea,R,adult,,,,
californica,,,K 7891,,,,8.98,6.15,22.47,13.24,11.49,66.1,,Rancho La Brea,R,adult,,,top of spur broken off,
californica,,,K 7892,115.44,18.24,11.46,7.4,,,,8.66,,,Rancho La Brea,R,adult,,,,
californica,,,R 16995,,,,,4.72,18.53,,9.12,,,Rancho La Brea,L,adult,,,,
californica,,,R 12003,,,,,4.64,18.11,9.18,,,,Rancho La Brea,R,adult,,,,
californica,,,R 12210,,19.58,11.92,,,,,,,,Rancho La Brea,R,adult,,,,
californica,,,R 12901,110.06,17.84,11.54,6.41,4.51,,,,,,Rancho La Brea,L,imm?,,Measurements OK,,
californica,,,R 13449,144.49,,13.26,8.46,5.65,22.26,12.04,10.91,66.99,15.85,Rancho La Brea,R,adult,,,spur probably fully developed but a little rough surface,
californica,,,R 15185,,,,,4.46,18.33,9.96,,,,Rancho La Brea,R,adult,,,,
californica,,,R 15283,,,,7.32,4.74,19.06,10.18,8.99,,,Rancho La Brea,L,adult,,,,
californica,,,R 15539,,,,8.04,5.44,21.39,11.37,10.48,,,Rancho La Brea,R,adult,,,spur=little bump; broken off,
californica,,,R 15683,,,,6.69,4.65,17.84,9.64,9.02,,,Rancho La Brea,L,adult,,,,
californica,,,R 18163,,,,,4.61,18.26,10.13,9.33,,,Rancho La Brea,L,adult,,,,
californica,,,R 23660,,21.95,13.36,,,,,,,,Rancho La Brea,R,adult,,,,
californica,,,R 23831,,21.03,13.78,8.44,,,,,,13.64,Rancho La Brea,L,adult,,,top of spur broken off,
californica,,,R 33200,,21.64,13.37,8.59,,,,,,,Rancho La Brea,L,adult,,,spur broken off,
californica,,,R 36935,,17.37,11.48,,,,,,,,Rancho La Brea,L,adult,,,,
californica,,,R 31404,,18.15,11.26,,,,,,,,Rancho La Brea,L,adult,,,,
californica,,,R 31128,,,,,4.81,17.51,9.57,8.71,,,Rancho La Brea,R,adult,,,,
californica,,,R 31935,120.95,17.97,11.12,6.94,4.48,17.52,9.6,8.85,,,Rancho La Brea,R,imm (prox part spongy),,Measurements probably OK,,
californica,,,R 27645,137.85,22.04,13.11,8.83,5.82,22.53,12.73,10.88,66.67,18.4,Rancho La Brea,L,adult,,,spur fully developed,
californica,,,R 36443,141.47,19.98,12.56,8.01,5.45,21.4,11.33,,,,Rancho La Brea,R,adult,,,"there is a spot where spur could have been, but it is unsure if spur was present",
californica,,,R 38647,114.75,17.27,,7.27,,19.36,10.56,9.48,,,Rancho La Brea,R,imm (prox part spongy),,Measurements probably OK,,
californica,,,R 40706,,,,6.53,4.56,18.86,10.17,9.29,,,Rancho La Brea,R,imm?,,Measurements OK,,
californica,,,R 48996,113,17.37,11.19,7.25,4.74,18.96,10.28,9.42,,,Rancho La Brea,L,adult,,,,
californica,,,R 54246,120.94,,11.62,6.91,4.57,18.65,10.25,8.97,,,Rancho La Brea,R,imm (prox part spongy),,Measurements probably OK,,
californica,,,R 43992,,,,,,,,,,,Rancho La Brea,R,adult,,,,
californica,,,R 14471,,,,,5.67,22.46,12.25,10.92,,,Rancho La Brea,L,adult,,,,
californica,,,R 49814,139.57,21.31,14.05,8.7,6.12,21.51,12.45,10.73,65.31,13.4,Rancho La Brea,L,adult,,,top of spur broken off,
californica,,,PMS 3527,,,,8.9,,,,,,28.94,Rancho La Brea,R,adult,,,spur fully developed; very long and sharp!,
,,,,,,,,,,,,,,,,,,,,
,,,,,,,,,,,,,,,,,,,,
,,,,,,,,,,,,,,,,,,,,
,,,,,,,,,,,,,,,,,,,,
,,,,,,,,,,,,,,,,,,,,
,,,,,,,,,,,,,,,,,,,,
,,,,,,,,,,,,,,,,,,,,
,,,,,,,,,,,,,,,,,,,,
,,,,,,,,,,,,,,,,,,,,
,,,,,,,,,,,,,,,,,,,,
,,,,,,,,,,,,,,,,,,,,
,,,,,,,,,,,,,,,,,,,,
,,,,,,,,,,,,,,,,,,,,
,,,,,,,,,,,,,,,,,,,,
,,,,,,,,,,,,,,,,,,,,
,,,,,,,,,,,,,,,,,,,,
,,,,,,,,,,,,,,,,,,,,
,,,,,,,,,,,,,,,,,,,,
,,,,,,,,,,,,,,,,,,,,
,,,,,,,,,,,,,,,,,,,,
,,,,,,,,,,,,,,,,,,,,
,,,,,,,,,,,,,,,,,,,,
,,,,,,,,,,,,,,,,,,,,
,,,,,,,,,,,,,,,,,,,,
,,,,,,,,,,,,,,,,,,,,
,,,,,,,,,,,,,,,,,,,,
,,,,,,,,,,,,,,,,,,,,
,,,,,,,,,,,,,,,,,,,,
,,,,,,,,,,,,,,,,,,,,
,,,,,,,,,,,,,,,,,,,,
,,,,,,,,,,,,,,,,,,,,
,,,,,,,,,,,,,,,,,,,,
,,,,,,,,,,,,,,,,,,,,
,,,,,,,,,,,,,,,,,,,,
,,,,,,,,,,,,,,,,,,,,
,,,,,,,,,,,,,,,,,,,,
,,,,,,,,,,,,,,,,,,,,
,,,,,,,,,,,,,,,,,,,,
,,,,,,,,,,,,,,,,,,,,
,,,,,,,,,,,,,,,,,,,,
,,,,,,,,,,,,,,,,,,,,
,,,,,,,,,,,,,,,,,,,,
,,,,,,,,,,,,,,,,,,,,
,,,,,,,,,,,,,,,,,,,,
,,,,,,,,,,,,,,,,,,,,
,,,,,,,,,,,,,,,,,,,,
,,,,,,,,,,,,,,,,,,,,
,,,,,,,,,,,,,,,,,,,,
,,,,,,,,,,,,,,,,,,,,
,,,,,,,,,,,,,,,,,,,,
,,,,,,,,,,,,,,,,,,,,
,,,,,,,,,,,,,,,,,,,,
,,,,,,,,,,,,,,,,,,,,
,,,,,,,,,,,,,,,,,,,,
,,,,,,,,,,,,,,,,,,,,
,,,,,,,,,,,,,,,,,,,,
,,,,,,,,,,,,,,,,,,,,
,,,,,,,,,,,,,,,,,,,,
,,,,,,,,,,,,,,,,,,,,
,,,,,,,,,,,,,,,,,,,,
,,,,,,,,,,,,,,,,,,,,
,,,,,,,,,,,,,,,,,,,,
,,,,,,,,,,,,,,,,,,,,
,,,,,,,,,,,,,,,,,,,,
,,,,,,,,,,,,,,,,,,,,
,,,,,,,,,,,,,,,,,,,,
,,,,,,,,,,,,,,,,,,,,
,,,,,,,,,,,,,,,,,,,,
,,,,,,,,,,,,,,,,,,,,
,,,,,,,,,,,,,,,,,,,,
,,,,,,,,,,,,,,,,,,,,
,,,,,,,,,,,,,,,,,,,,
,,,,,,,,,,,,,,,,,,,,
,,,,,,,,,,,,,,,,,,,,
,,,,,,,,,,,,,,,,,,,,
,,,,,,,,,,,,,,,,,,,,
,,,,,,,,,,,,,,,,,,,,
,,,,,,,,,,,,,,,,,,,,
,,,,,,,,,,,,,,,,,,,,
,,,,,,,,,,,,,,,,,,,,
,,,,,,,,,,,,,,,,,,,,
,,,,,,,,,,,,,,,,,,,,
,,,,,,,,,,,,,,,,,,,,
,,,,,,,,,,,,,,,,,,,,
,,,,,,,,,,,,,,,,,,,,
,,,,,,,,,,,,,,,,,,,,
,,,,,,,,,,,,,,,,,,,,
,,,,,,,,,,,,,,,,,,,,
,,,,,,,,,,,,,,,,,,,,
,,,,,,,,,,,,,,,,,,,,
,,,,,,,,,,,,,,,,,,,,
,,,,,,,,,,,,,,,,,,,,
,,,,,,,,,,,,,,,,,,,,
,,,,,,,,,,,,,,,,,,,,
,,,,,,,,,,,,,,,,,,,,
,,,,,,,,,,,,,,,,,,,,
,,,,,,,,,,,,,,,,,,,,
,,,,,,,,,,,,,,,,,,,,
,,,,,,,,,,,,,,,,,,,,
,,,,,,,,,,,,,,,,,,,,
,,,,,,,,,,,,,,,,,,,,
,,,,,,,,,,,,,,,,,,,,
,,,,,,,,,,,,,,,,,,,,
,,,,,,,,,,,,,,,,,,,,
,,,,,,,,,,,,,,,,,,,,
,,,,,,,,,,,,,,,,,,,,
,,,,,,,,,,,,,,,,,,,,
,,,,,,,,,,,,,,,,,,,,
,,,,,,,,,,,,,,,,,,,,
,,,,,,,,,,,,,,,,,,,,
,,,,,,,,,,,,,,,,,,,,
,,,,,,,,,,,,,,,,,,,,
,,,,,,,,,,,,,,,,,,,,
,,,,,,,,,,,,,,,,,,,,
,,,,,,,,,,,,,,,,,,,,
,,,,,,,,,,,,,,,,,,,,
,,,,,,,,,,,,,,,,,,,,
,,,,,,,,,,,,,,,,,,,,
,,,,,,,,,,,,,,,,,,,,
,,,,,,,,,,,,,,,,,,,,
,,,,,,,,,,,,,,,,,,,,
,,,,,,,,,,,,,,,,,,,,
,,,,,,,,,,,,,,,,,,,,
,,,,,,,,,,,,,,,,,,,,
,,,,,,,,,,,,,,,,,,,,
,,,,,,,,,,,,,,,,,,,,
,,,,,,,,,,,,,,,,,,,,
,,,,,,,,,,,,,,,,,,,,
,,,,,,,,,,,,,,,,,,,,
,,,,,,,,,,,,,,,,,,,,
,,,,,,,,,,,,,,,,,,,,
,,,,,,,,,,,,,,,,,,,,
,,,,,,,,,,,,,,,,,,,,
,,,,,,,,,,,,,,,,,,,,
,,,,,,,,,,,,,,,,,,,,
,,,,,,,,,,,,,,,,,,,,
,,,,,,,,,,,,,,,,,,,,
,,,,,,,,,,,,,,,,,,,,
,,,,,,,,,,,,,,,,,,,,
,,,,,,,,,,,,,,,,,,,,
,,,,,,,,,,,,,,,,,,,,
,,,,,,,,,,,,,,,,,,,,
,,,,,,,,,,,,,,,,,,,,
,,,,,,,,,,,,,,,,,,,,
,,,,,,,,,,,,,,,,,,,,
,,,,,,,,,,,,,,,,,,,,
,,,,,,,,,,,,,,,,,,,,
,,,,,,,,,,,,,,,,,,,,
,,,,,,,,,,,,,,,,,,,,
,,,,,,,,,,,,,,,,,,,,
,,,,,,,,,,,,,,,,,,,,
,,,,,,,,,,,,,,,,,,,,
,,,,,,,,,,,,,,,,,,,,
,,,,,,,,,,,,,,,,,,,,
,,,,,,,,,,,,,,,,,,,,
,,,,,,,,,,,,,,,,,,,,
,,,,,,,,,,,,,,,,,,,,
,,,,,,,,,,,,,,,,,,,,
,,,,,,,,,,,,,,,,,,,,
,,,,,,,,,,,,,,,,,,,,
,,,,,,,,,,,,,,,,,,,,
,,,,,,,,,,,,,,,,,,,,
,,,,,,,,,,,,,,,,,,,,
,,,,,,,,,,,,,,,,,,,,
,,,,,,,,,,,,,,,,,,,,
,,,,,,,,,,,,,,,,,,,,
,,,,,,,,,,,,,,,,,,,,
,,,,,,,,,,,,,,,,,,,,
,,,,,,,,,,,,,,,,,,,,
,,,,,,,,,,,,,,,,,,,,
,,,,,,,,,,,,,,,,,,,,
,,,,,,,,,,,,,,,,,,,,
intermedia,,f,112164,129.36,19.93,11.9,7.21,4.95,19.77,10.33,9.35,,,Texas: Wheeler Co,11-May-2002,adult,NHM LA,,,
intermedia,,f,112168,122.91,19.17,11.48,7.48,4.89,19.05,10.36,8.7,,,Texas,2002,adult,NHM LA,,,
intermedia,,f,112169,123.3,18.9,11.87,7.07,4.78,18.52,10.44,9.23,,,Texas,2002,adult,NHM LA,,,
intermedia,,f,112317,125.14,18.7,12.33,7.47,5.03,18.2,10.91,8.86,,,Texas: Wheeler Co,11-May-2002,adult,NHM LA,,,
merriami,,f,112161,129.55,19.43,11.83,7.7,5.34,,10.49,9.2,,,California: El Dorado Co,20-Mar-2001,adult,NHM LA,,,
merriami,,f,112316,121.31,19.48,12.31,7.26,4.59,19.85,10.26,9.49,,,Wyoming: Converse Co,5-Jan-2003,imm (sternum & TMT not fully ossified),NHM LA,,,Measurements probably OK
merriami,,f,112356,118.16,18.29,11.95,7.27,5.08,19.5,10.72,9.01,,,Wyoming: Converse Co,22-Nov-2002,imm (sternum not fully ossified; TMT almost fully ossified),NHM LA,,,Measurements probably OK
merriami,,f,112422,123.9,19.17,12.1,7.31,4.59,19.13,10.82,9.4,,,Wyoming: Converse Co,5-Jan-2003,imm (sternum not fully ossified; TMT almost fully ossified),NHM LA,,,Measurements probably OK
merriami,,f,112423,124.99,19.63,12.69,7.55,5.16,18.96,10.43,9.28,,,Wyoming: Converse Co,22-Nov-2002,adult,NHM LA,,,
merriami,,f,112449,124.85,19.77,13.27,7.57,4.87,20.67,10.48,10.02,,,Wyoming: Converse Co,"January, 2003",adult,NHM LA,,,
merriami,,f,112450,119.81,20.87,12.72,7.27,5.09,18.87,10.29,9.8,,,Wyoming: Converse Co,"January, 2003",adult,NHM LA,,,
mexicana,,f,112429,133.29,20.97,13.36,8.03,5.54,20.95,11.49,9.98,,,"Mexico: Sonora, Yecora","March, 2003",adult,NHM LA,,,
mexicana,,f,112446,137.71,21.09,12.53,8.35,5.84,21.87,11.66,10.28,,,"Mexico: Sonora, Yecora","March, 2003",adult,NHM LA,,,
mexicana,,f,112447,135.13,20.75,13.24,8.58,5.38,21.93,12.15,10.24,,,"Mexico: Sonora, Yecora","March, 2003",adult,NHM LA,,,
mexicana,,f,112452,132.93,20.54,12.66,8.09,5.2,21.38,11.27,10.22,,,"Mexico: Sonora, Yecora","March, 2003",adult,NHM LA,,,
osceola,,f,112151,,,,,,,,,,,Florida: Polk Co,21-Sep-2002,imm (all bones clearly unossified),NHM LA,,,
osceola,,f,112355,131.61,19.29,11.34,7.27,4.78,18.85,9.66,9.26,,,Florida: Polk Co,20-Sep-2002,adult,NHM LA,,,
osceola,,f,112426,134.81,19.23,11.65,7.7,5.26,18.41,10.04,9.36,,,Florida: Palm Beach Co,spring 2002,adult,NHM LA,,,
osceola,,f,112430,137.78,19.58,11.9,7.89,5.14,18.47,10.35,8.72,,,Florida: St. Johns Co,11-13 December 2002,adult,NHM LA,,,
silvestris,,f,112315,124.2,19.34,11.94,6.85,4.66,19.45,10.79,9.77,,,New Hapshire: Cheshire Co,?,adult,NHM LA,,,
silvestris,,f,112318,130.88,19.76,11.73,7.24,5.19,18.45,10.52,8.96,,,Georgia:,?,adult,NHM LA,,,
silvestris,,f,112417,127.56,20.57,12.91,7.54,5.29,19.37,11.31,9.42,,,New Hampshire: Cheshire Co,?,adult,NHM LA,,,
silvestris,,f,112418,133.31,21.17,12.84,7.94,5.9,20.8,11.3,9.85,,,"New Hampshire: Cheshire Co, Richmond",23-Sep-95,adult,NHM LA,,,
ssp?,,f,112424,136.12,19.76,12.02,7.94,5.41,19.28,10.43,,,,California: El Dorado Co,10-Apr-2001,adult,NHM LA,,,
mexicana,,f?,112357,159.4,24.7,15.81,9.43,5.82,25.35,13.64,11.77,,,"Mexico: Sonora, Yecora","March, 2003","imm? Sternum not fully ossified, but TMT (no spur) looks like adult.",NHM LA,"Male, NOT female by size",No spur!,
intermedia,,m,112165,167.5,24.26,16.1,8.37,6.21,22.72,13.92,11.75,67.37,,Texas: Edwards Co,13-Apr-2002,adult,NHM LA,,spur=little bump,
intermedia,,m,112166,170.5,23.99,14.55,9.01,5.94,23.61,13.65,11.28,75.26,,Texas: Shlackleford Co,8-Apr-2002,adult,NHM LA,,"spur=little bump, broken off",
intermedia,,m,112167,159.3,24.26,14.64,9.29,6.48,24.06,13.37,11.43,69.23,19.39,Texas: Shlackleford Co,8-Apr-2002,adult,NHM LA,,spur fully developed,
intermedia,,m,112431,166,23.46,14.65,8.95,6.07,23.41,12.04,11.17,73.28,18.84,Texas: (Refugio Co.?),14-Apr-2002,adult,NHM LA,,spur a little spongy but its length probably OK,
intermedia,,m,LMO 2295 (=41758),166.75,24.57,15.23,9.54,6.32,23.62,13.43,12.25,75.96,21.2,Texas: Kerr Co,31-Oct-1941,adult,UCLA,,spur fully developed,
merriami,,m,112157,,,,,,,,,,,New Mexico: Otero Co,21-Apr-2002,adult,NHM LA,,,
merriami,,m,112158,,,,,,,,,,,New Mexico: Otero Co,21-Apr-2002,adult,NHM LA,,,
merriami,,m,112159,156.2,24.97,15.02,9.24,6,26.32,14.27,12.14,68.85,16.21,New Mexico: Otero Co,22-Apr-2002,adult,NHM LA,,spur probably fully developed but a little rough surface,
merriami,,m,112160,164,25.88,15.83,9.92,6.27,25.54,13.39,12.59,79.99,14.38,New Mexico: Otero Co,24-Apr-2002,adult,NHM LA,,spur somewhat spongy,
mexicana,,m,112425,168.4,25.81,15.84,9.79,6.83,26.74,14.23,11.94,74.43,14.75,"Mexico: Sonora, Yecora","March, 2003",adult,NHM LA,,spur spongy,
mexicana,,m,112427,,,,,,,,,,,Mexico,?,adult,NHM LA,,,
mexicana,,m,112432,170.5,26.15,16.14,10.22,6.72,27,14.45,13.25,71.8,11.87,"Mexico: Sonora, Yecora","March, 2003",adult,NHM LA,,spur spongy,
mexicana,,m,112451,,,,,,,,,,,"Mexico: Sonora, Yecora",spring 2003,adult,NHM LA,,No spur!,
osceola,,m,112152,170.5,23.54,14.31,9.65,5.76,23.3,13.58,11.51,69.75,,Florida: Osceola Co,23-Mar-2002,adult,NHM LA,,spur=little bump,
osceola,,m,112153,163.7,23.44,13.77,8.87,,22.04,12.66,10.53,64.37,21.49,Florida: Osceola Co,24-Mar-2002,adult,NHM LA,,spur fully developed,
osceola,,m,112154,167.65,24.47,14.31,8.66,6.12,21.56,12.53,10.98,75.18,21.06,Florida: Lake Co,22-Mar-2002,adult,NHM LA,,spur fully developed,
osceola,,m,112155,170.6,23.71,14.33,8.92,5.69,23.02,12.92,11.92,73.3,,Florida: Lake Co,23-Mar-2002,adult,NHM LA,,spur=little bump,
osceola,,m,112156,166.45,22.25,14.15,8.3,5.51,21.56,11.94,11.02,77.33,15.91,Florida,2002,adult,NHM LA,,spur fully developed,
silvestris,,m,112162,165.15,23.87,14.09,8.11,6.26,22.7,13.69,11.74,65.76,16.15,"South Carolina: Allendale Co, Martin",15-Mar-2002,adult,NHM LA,,spur probably fully developed but a little rough surface,
silvestris,,m,112163,172.9,25.67,15.91,9.74,6.53,24.97,13.03,11.95,77.23,17.13,Kansas: Marshall Co,16-Apr-2002,adult,NHM LA,,spur fully developed,
silvestris,,m,112415,168.3,24.13,15.09,9.51,6.92,22.67,14.15,11.15,77.03,10.19,Tennessee: Rutheford Co,30-Oct-2002,adult,NHM LA,,spur spongy,
silvestris,,m,112419,167.45,25.06,15.1,9.53,6.34,23.98,13.72,11.34,74.1,16.81,Tennessee: Rutheford Co,30-Oct-2002,adult,NHM LA,,spur probably fully developed but a little rough surface,
silvestris,,m,112420,159.5,22.21,13.55,8.39,6.32,22.03,12.87,11.12,65.02,14.72,"South Carolina: Saluda Co, Saluda",1-Apr-02,adult,NHM LA,,spur probably fully developed but a little rough surface,
silvestris,,m,112421,174.2,23.81,14.48,8.76,5.93,22.51,12.23,11.56,76.75,15.71,"South Carolina: Jasper Co, Ridgeland",18-Mar-03,adult,NHM LA,,spur probably fully developed but a little rough surface,
silvestris,,m,112448,164.8,23.12,14.2,8.86,5.35,21.58,12.26,11.19,72.26,18.09,Georgia: Screven Co,31-Mar-2003,adult,NHM LA,,spur probably fully developed but a little rough surface,
mexicana,,m?,112428,,,,,,,,,,,Mexico,?,adult,NHM LA,,,
,,,,,,,,,,,,,,,,,,,,
,,,,,,,,,,,,,,,,,,,,
,,,,,,,,,,,,,,,,,,,,
,,,,,,,,,,,,,,,,,,,,
,,,,,,,,,,,,,,,,,,,,
,,,,,,,,,,,,,,,,,,,,
,,,,,,,,,,,,,,,,,,,,
,,,,,,,,,,,,,,,,,,,,
,,,,,,,,,,,,,,,,,,,,
,,,,,,,,,,,,,,,,,,,,
,,,,,,,,,,,,,,,,,,,,
,,,,,,,,,,,,,,,,,,,,
,,,,,,,,,,,,,,,,,,,,
,,,,,,,,,,,,,,,,,,,,
,,,,,,,,,,,,,,,,,,,,
,,,,,,,,,,,,,,,,,,,,
,,,,,,,,,,,,,,,,,,,,
,,,,,,,,,,,,,,,,,,,,
,,,,,,,,,,,,,,,,,,,,
,,,,,,,,,,,,,,,,,,,,
,,,,,,,,,,,,,,,,,,,,
,,,,,,,,,,,,,,,,,,,,
,,,,,,,,,,,,,,,,,,,,
,,,,,,,,,,,,,,,,,,,,
,,,,,,,,,,,,,,,,,,,,
,,,,,,,,,,,,,,,,,,,,
,,,,,,,,,,,,,,,,,,,,
Agriocharis (f+m+?),,,,,,,,,,,,,,,,,,,,
,,,N,16,16,16,16,14,16,16,16,9,8,,,,,,,
,,,Min,108.42,17.18,10.43,6.3,4.59,15.56,9.74,8.46,50.07,15.2,,,,,,,
,,,Max,146.7,22.17,13.03,8.19,5.89,21,12.44,10.74,62.21,30.13,,,,,,,
,,,Srednia,126.698125,19.590625,11.89,7.29875,5.3164285714,18.06375,11.1525,9.310625,56.69,23.23875,,,,,,,
,,,SD,11.5886290353,1.4823066203,0.8488423489,0.6264702706,0.3808211198,1.600303617,0.8159616004,0.6733544757,3.8332818837,4.8507479173,,,,,,,
,,,,,,,,,,,,,,,,,,,,
,,,,,,,,,,,,,,,,,,,,
,,,,,,,,,,,,,,,,,,,,
,,,,,,,,,,,,,,,,,,,,
M.gallopavo (f+m+?),,,,,,,,,,,,,,,,,,,,
(all ssp),,,N,46,46,46,46,45,45,46,45,21,17,,,,,,,
,,,Min,118.16,18.29,11.34,6.85,4.59,18.2,9.66,8.7,64.37,10.19,,,,,,,
,,,Max,174.2,26.15,16.14,10.22,6.92,27,14.45,13.25,79.99,21.49,,,,,,,
,,,Srednia,147.0830434783,21.9713043478,13.5445652174,8.3519565217,5.648,21.6724444444,11.9806521739,10.5555555556,72.5833333333,16.7,,,,,,,
,,,SD,19.5575857258,2.4057473856,1.4574585285,0.9178637506,0.6607626448,2.4660422428,1.4384195064,1.2008870879,4.4747160059,3.1335842098,,,,,,,
,,,,,,,,,,,,,,,,,,,,
,,,,,,,,,,,,,,,,,,,,
,,,,,,,,,,,,,,,,,,,,
,,,,,,,,,,,,,,,,,,,,
M.gallopavo (FF),,,,,,,,,,,,,,,,,,,,
(all ssp),,,N,23,23,23,23,23,22,23,22,0,0,,,,,,,
,,,Min,118.16,18.29,11.34,6.85,4.59,18.2,9.66,8.7,0,0,,,,,,,
,,,Max,137.78,21.17,13.36,8.58,5.9,21.93,12.15,10.28,0,0,,,,,,,
,,,Srednia,128.6352173913,19.7995652174,12.2856521739,7.5904347826,5.1286956522,19.6240909091,10.7173913043,9.4727272727,#DIV/0!,#DIV/0!,,,,,,,
,,,SD,5.8973213253,0.8069554356,0.586079626,0.4248473337,0.3518044957,1.1463052826,0.5782985812,0.4860646814,#DIV/0!,#DIV/0!,,,,,,,
,,,,,,,,,,,,,,,,,,,,
,,,,,,,,,,,,,,,,,,,,
,,,,,,,,,,,,,,,,,,,,
,,,,,,,,,,,,,,,,,,,,
M.gallopavo (MM),,,,,,,,,,,,,,,,,,,,
(all ssp),,,N,22,22,22,22,21,22,22,22,21,17,,,,,,,
,,,Min,156.2,22.21,13.55,8.11,5.35,21.56,11.94,10.53,64.37,10.19,,,,,,,
,,,Max,174.2,26.15,16.14,10.22,6.92,27,14.45,13.25,79.99,21.49,,,,,,,
,,,Srednia,166.3522727273,24.2422727273,14.8681818182,9.1390909091,6.1614285714,23.6495454545,13.2713636364,11.6172727273,72.5833333333,16.7,,,,,,,
,,,SD,4.6348184655,1.0730017167,0.7870840481,0.5745549755,0.4122655178,1.6793634771,0.7546824968,0.6048154525,4.4747160059,3.1335842098,,,,,,,
,,,,,,,,,,,,,,,,,,,,
,,,,,,,,,,,,,,,,,,,,
M.californica (f+m+?),,,,,,,,,,,,,,,,,,,,
,,,N,395,509,528,491,512,484,468,471,175,182,,,,,,,
,,,Min,102.61,16.33,10.15,6.23,4.16,16.9,9.04,8.07,58.38,11.22,,,,,,,
,,,Max,150.75,24.23,15.29,9.68,6.43,24.63,13.47,11.91,71.85,28.94,,,,,,,
,,,Srednia,128.282886076,20.0870923379,12.5740719697,7.7997148676,5.1987109375,20.6078512397,11.2969230769,10.0415923567,64.9899428571,17.3764285714,,,,,,,
,,,SD,13.137158242,1.923606509,1.259050684,0.8749478819,0.51502085,1.9853797741,1.1659933127,0.9497707514,2.5675827214,3.0090133279,,,,,,,
,,,,,,,,,,,,,,,,,,,,
,,,,,,,,,,,,,,,,,,,,
,,,,,,,,,,,,,,,,,,,,
********,,,,******,,,*****,,,*****,,,*****,,,,,,,
,,,,,,,,,,,,,,,,,,,,
,,,,,,,,,,,,,,,,,,,,
M.g.intermedia (f+m),,,N,9,9,9,9,9,9,9,9,5,3,,,,,,,
,,,Min,122.91,18.7,11.48,7.07,4.78,18.2,10.33,8.7,67.37,18.84,,,,,,,
,,,Max,170.5,24.57,16.1,9.54,6.48,24.06,13.92,12.25,75.96,21.2,,,,,,,
,,,Srednia,147.8622222222,21.9155555556,13.6388888889,8.2655555556,5.63,21.44,12.05,10.4466666667,72.22,19.81,,,,,,,
,,,SD,21.7922261241,2.637267104,1.7309711468,0.9682989093,0.6997499553,2.4842000725,1.5576424493,1.3868399331,3.7687995436,1.2347874311,,,,,,,
,,,,,,,,,,,,,,,,,,,,
,,,,,,,,,,,,,,,,,,,,
,,,,,,,,,,,,,,,,,,,,
M.g.merriami (f+m),,,N,9,9,9,9,9,8,9,9,2,2,,,,,,,
,,,Min,118.16,18.29,11.83,7.26,4.59,18.87,10.26,9.01,68.85,14.38,,,,,,,
,,,Max,164,25.88,15.83,9.92,6.27,26.32,14.27,12.59,79.99,16.21,,,,,,,
,,,Srednia,131.4188888889,20.8322222222,13.08,7.8988888889,5.2211111111,21.105,11.2388888889,10.1033333333,74.42,15.295,,,,,,,
,,,SD,16.7066367385,2.6971502451,1.4158301452,0.9810000566,0.5789741886,3.0402678453,1.4962155965,1.3224314727,7.8771695424,1.2940054096,,,,,,,
,,,,,,,,,,,,,,,,,,,,
,,,,,,,,,,,,,,,,,,,,
,,,,,,,,,,,,,,,,,,,,
M.g.osceola (f+m),,,N,8,8,8,8,7,8,8,8,5,3,,,,,,,
,,,Min,131.61,19.23,11.34,7.27,4.78,18.41,9.66,8.72,64.37,15.91,,,,,,,
,,,Max,170.6,24.47,14.33,9.65,6.12,23.3,13.58,11.92,77.33,21.49,,,,,,,
,,,Srednia,155.3875,21.93875,13.22,8.4075,5.4657142857,20.90125,11.71,10.4125,71.986,19.4866666667,,,,,,,
,,,SD,17.3224888924,2.2160482041,1.3372359552,0.7707093208,0.4445168592,2.0259984311,1.4846740864,1.1638943251,5.0864948639,3.104936929,,,,,,,
,,,,,,,,,,,,,,,,,,,,
,,,,,,,,,,,,,,,,,,,,
,,,,,,,,,,,,,,,,,,,,
M.g.mexicana (f+m),,,N,8,8,8,8,8,8,8,8,2,2,,,,,,,
,,,Min,132.93,20.54,12.53,8.03,5.2,20.95,11.27,9.98,71.8,11.87,,,,,,,
,,,Max,170.5,26.15,16.14,10.22,6.83,27,14.45,13.25,74.43,14.75,,,,,,,
,,,Srednia,148.1025,22.74625,14.12,8.88,6.0175,23.5575,12.69125,11.0875,73.115,13.31,,,,,,,
,,,SD,15.8906421249,2.3951793103,1.5331666576,0.8239798888,0.6713472595,2.4590924574,1.2639556672,1.1478520313,1.8596908345,2.0364675298,,,,,,,
,,,,,,,,,,,,,,,,,,,,
,,,,,,,,,,,,,,,,,,,,
,,,,,,,,,,,,,,,,,,,,
M.g.silvestris (f+m),,,N,11,11,11,11,11,11,11,11,7,7,,,,,,,
,,,Min,124.2,19.34,11.73,6.85,4.66,18.45,10.52,8.96,65.02,10.19,,,,,,,
,,,Max,174.2,25.67,15.91,9.74,6.92,24.97,14.15,11.95,77.23,18.09,,,,,,,
,,,Srednia,153.4772727273,22.61,13.8036363636,8.4063636364,5.8809090909,21.6827272727,12.3518181818,10.7318181818,72.5928571429,15.5428571429,,,,,,,
,,,SD,19.9212786191,2.148832241,1.3428795384,0.9710228908,0.6819157506,2.0117708165,1.2503744894,1.0322094573,5.2423204604,2.5929180106,,,,,,,
,,,,,,,,,,,,,,,,,,,,
,,,,,,,,,,,,,,,,,,,,
,,,,,,,,,,,,,,,,,,,,
,,,,,,,,,,,,,,,,,,,,
,,,,,,,,,,,,,,,,,,,,
,,,,,,,,,,,,,,,,,,,,
,,,,,,,,,,,,,,,,,,,,
,,,,,,,,,,,,,,,,,,,,
Measured:,,All figured specimens,,,,,,,,,,,,,,,,,,
,,"2 drawers with complete, rigth TMT",,,,,,,,,,,,,,,,,,
,,"2 drawers with complete, left TMT",,,,,,,,,,,,,,,,,,
,,"prox, right TMT",,,,,,,,,,,,,,,,,,
,,"dist, right TMT",,,,,,,,,,,,,,,,,,
,,specimens cataloged by me: right,,,,,,,,,,,,,,,,,,
,,Pit 91 + PMS,,,,,,,,,,,,,,,,,,
,,,,,,,,,,,,,,,,,,,,
To be done: ,,Lefts:  prox + dist,,,,,,,,,,,,,,,,,,
,,specimens cataloged by me: left,,,,,,,,,,,,,,,,,,
,,,,,,,,,,,,,,,,,,,,
Comments:,,,,,,,,,,,,,,,,,,,,
,,,,,,,,,,,,,,,,,,,,
Spur with rough surface or even spongy spurs were also on otherwise fully developed (=adult) specimens.,,,,,,,,,,,,,,,,,,,,
,,,,,,,,,,,,,,,,,,,,
"Only specimens with well developed articulations were measured. Specimens marked ""imm (prox part spongy)"" are certainly juv but articular surfaces are well developed - only measurement D (=4 =minimum width of shaft) may be a little smaller (check it or discard?). ",,,,,,,,,,,,,,,,,,,,
"Measurement # 4 (minimum width of shaft) may be slightly smaller in specimens marked as ""imm?, imm"" (contradicting the comment ""Measurements <probably> OK""). It may be better not to include them in final statistics and ratios!!",,,,,,,,,,,,,,,,,,,,
,,,,,,,,,,,,,,,,,,,,
,,,,,,,,,,,,,,,,,,,,
Juvenile & damaged specimens excluded (unless they are within size range),,,,,,,,,,,,,,,,,,,,
Excluded specimens: ,,,,M.californica,,R 43992 (measurement C),,,,,,,,,,,,,,
,,,,,,C 9153 (measurement D),,,,,,,,,,,,,,
,,,,,,E 6358 (measurement D),,,,,,,,,,,,,,
,,,,,,E 5718 (measurement D),,,,,,,,,,,,,,
,,,,,,E 7761 (measurement D),,,,,,,,,,,,,,
,,,,,,E 7671 (measurement I),,,,,,,,,,,,,,
,,,,,,E 7538 (measurement I),,,,,,,,,,,,,,
,,,,,,,,,,,,,,,,,,,,
,,,,,,,,,,,,,,,,,,,,
,,,,,,,,,,,,,,,,,,,,
,,,,,,,,,,,,,,,,,,,,
"M.g.mexicana # 112451 was excluded from descriptive statistics (only from the analysis where sexes are treated separately) because although its label says it is a male, the measurements of some bones (e.g. TMT, CMC, RAD, ULNA, HUM, COR) show it is an atypical specimen whose measurements are between those of males and females.",,,,,,,,,,,,,,,,,,,,
